city,code,year,category,population
계,00,2023,15세이상인구,45407.0
서울특별시,11,2023,15세이상인구,8469.0
부산광역시,21,2023,15세이상인구,2930.0
대구광역시,22,2023,15세이상인구,2086.0
인천광역시,23,2023,15세이상인구,2623.0
광주광역시,24,2023,15세이상인구,1280.0
대전광역시,25,2023,15세이상인구,1294.0
울산광역시,26,2023,15세이상인구,957.0
세종특별자치시,29,2023,15세이상인구,322.0
경기도,31,2023,15세이상인구,11961.0
강원도,32,2023,15세이상인구,1327.0
충청북도,33,2023,15세이상인구,1435.0
충청남도,34,2023,15세이상인구,1926.0
전라북도,35,2023,15세이상인구,1553.0
전라남도,36,2023,15세이상인구,1523.0
경상북도,37,2023,15세이상인구,2303.0
경상남도,38,2023,15세이상인구,2840.0
제주도,39,2023,15세이상인구,579.0
계,00,2023,경제활동인구,29203.0
서울특별시,11,2023,경제활동인구,5319.0
부산광역시,21,2023,경제활동인구,1746.0
대구광역시,22,2023,경제활동인구,1286.0
인천광역시,23,2023,경제활동인구,1709.0
광주광역시,24,2023,경제활동인구,789.0
대전광역시,25,2023,경제활동인구,820.0
울산광역시,26,2023,경제활동인구,592.0
세종특별자치시,29,2023,경제활동인구,212.0
경기도,31,2023,경제활동인구,7860.0
강원도,32,2023,경제활동인구,865.0
충청북도,33,2023,경제활동인구,961.0
충청남도,34,2023,경제활동인구,1281.0
전라북도,35,2023,경제활동인구,1008.0
전라남도,36,2023,경제활동인구,1042.0
경상북도,37,2023,경제활동인구,1501.0
경상남도,38,2023,경제활동인구,1805.0
제주도,39,2023,경제활동인구,409.0
계,00,2023,비경제활동인구,16204.0
서울특별시,11,2023,비경제활동인구,3150.0
부산광역시,21,2023,비경제활동인구,1184.0
대구광역시,22,2023,비경제활동인구,800.0
인천광역시,23,2023,비경제활동인구,914.0
광주광역시,24,2023,비경제활동인구,491.0
대전광역시,25,2023,비경제활동인구,474.0
울산광역시,26,2023,비경제활동인구,365.0
세종특별자치시,29,2023,비경제활동인구,110.0
경기도,31,2023,비경제활동인구,4102.0
강원도,32,2023,비경제활동인구,463.0
충청북도,33,2023,비경제활동인구,474.0
충청남도,34,2023,비경제활동인구,645.0
전라북도,35,2023,비경제활동인구,545.0
전라남도,36,2023,비경제활동인구,482.0
경상북도,37,2023,비경제활동인구,802.0
경상남도,38,2023,비경제활동인구,1035.0
제주도,39,2023,비경제활동인구,171.0
계,00,2023,경제활동참가율,64.3
서울특별시,11,2023,경제활동참가율,62.8
부산광역시,21,2023,경제활동참가율,59.6
대구광역시,22,2023,경제활동참가율,61.7
인천광역시,23,2023,경제활동참가율,65.2
광주광역시,24,2023,경제활동참가율,61.6
대전광역시,25,2023,경제활동참가율,63.4
울산광역시,26,2023,경제활동참가율,61.9
세종특별자치시,29,2023,경제활동참가율,65.9
경기도,31,2023,경제활동참가율,65.7
강원도,32,2023,경제활동참가율,65.1
충청북도,33,2023,경제활동참가율,67.0
충청남도,34,2023,경제활동참가율,66.5
전라북도,35,2023,경제활동참가율,64.9
전라남도,36,2023,경제활동참가율,68.4
경상북도,37,2023,경제활동참가율,65.2
경상남도,38,2023,경제활동참가율,63.6
제주도,39,2023,경제활동참가율,70.6
계,00,2023,실업률,2.7
서울특별시,11,2023,실업률,2.7
부산광역시,21,2023,실업률,3.1
대구광역시,22,2023,실업률,3.1
인천광역시,23,2023,실업률,3.2
광주광역시,24,2023,실업률,2.5
대전광역시,25,2023,실업률,2.8
울산광역시,26,2023,실업률,3.4
세종특별자치시,29,2023,실업률,2.0
경기도,31,2023,실업률,2.6
강원도,32,2023,실업률,2.8
충청북도,33,2023,실업률,2.3
충청남도,34,2023,실업률,2.6
전라북도,35,2023,실업률,2.5
전라남도,36,2023,실업률,2.2
경상북도,37,2023,실업률,2.6
경상남도,38,2023,실업률,2.5
제주도,39,2023,실업률,1.9
계,00,2023,고용률,62.6
서울특별시,11,2023,고용률,61.1
부산광역시,21,2023,고용률,57.7
대구광역시,22,2023,고용률,59.8
인천광역시,23,2023,고용률,63.1
광주광역시,24,2023,고용률,60.1
대전광역시,25,2023,고용률,61.6
울산광역시,26,2023,고용률,59.7
세종특별자치시,29,2023,고용률,64.6
경기도,31,2023,고용률,64.0
강원도,32,2023,고용률,63.3
충청북도,33,2023,고용률,65.4
충청남도,34,2023,고용률,64.8
전라북도,35,2023,고용률,63.3
전라남도,36,2023,고용률,66.9
경상북도,37,2023,고용률,63.5
경상남도,38,2023,고용률,62.0
제주도,39,2023,고용률,69.2
계,00,2023,15-64세 고용률,69.2
서울특별시,11,2023,15-64세 고용률,69.5
부산광역시,21,2023,15-64세 고용률,66.5
대구광역시,22,2023,15-64세 고용률,67.8
인천광역시,23,2023,15-64세 고용률,69.4
광주광역시,24,2023,15-64세 고용률,65.6
대전광역시,25,2023,15-64세 고용률,67.8
울산광역시,26,2023,15-64세 고용률,65.5
세종특별자치시,29,2023,15-64세 고용률,67.9
경기도,31,2023,15-64세 고용률,70.4
강원도,32,2023,15-64세 고용률,69.6
충청북도,33,2023,15-64세 고용률,71.4
충청남도,34,2023,15-64세 고용률,69.8
전라북도,35,2023,15-64세 고용률,67.8
전라남도,36,2023,15-64세 고용률,71.8
경상북도,37,2023,15-64세 고용률,68.4
경상남도,38,2023,15-64세 고용률,68.2
제주도,39,2023,15-64세 고용률,74.6
계,00,2022,15세이상인구,45260.0
서울특별시,11,2022,15세이상인구,8465.0
부산광역시,21,2022,15세이상인구,2939.0
대구광역시,22,2022,15세이상인구,2077.0
인천광역시,23,2022,15세이상인구,2575.0
광주광역시,24,2022,15세이상인구,1279.0
대전광역시,25,2022,15세이상인구,1288.0
울산광역시,26,2022,15세이상인구,956.0
세종특별자치시,29,2022,15세이상인구,310.0
경기도,31,2022,15세이상인구,11883.0
강원도,32,2022,15세이상인구,1323.0
충청북도,33,2022,15세이상인구,1427.0
충청남도,34,2022,15세이상인구,1908.0
전라북도,35,2022,15세이상인구,1556.0
전라남도,36,2022,15세이상인구,1525.0
경상북도,37,2022,15세이상인구,2325.0
경상남도,38,2022,15세이상인구,2851.0
제주도,39,2022,15세이상인구,574.0
계,00,2022,경제활동인구,28922.0
서울특별시,11,2022,경제활동인구,5295.0
부산광역시,21,2022,경제활동인구,1730.0
대구광역시,22,2022,경제활동인구,1265.0
인천광역시,23,2022,경제활동인구,1670.0
광주광역시,24,2022,경제활동인구,772.0
대전광역시,25,2022,경제활동인구,813.0
울산광역시,26,2022,경제활동인구,584.0
세종특별자치시,29,2022,경제활동인구,201.0
경기도,31,2022,경제활동인구,7809.0
강원도,32,2022,경제활동인구,845.0
충청북도,33,2022,경제활동인구,949.0
충청남도,34,2022,경제활동인구,1255.0
전라북도,35,2022,경제활동인구,992.0
전라남도,36,2022,경제활동인구,1033.0
경상북도,37,2022,경제활동인구,1499.0
경상남도,38,2022,경제활동인구,1800.0
제주도,39,2022,경제활동인구,410.0
계,00,2022,비경제활동인구,16339.0
서울특별시,11,2022,비경제활동인구,3171.0
부산광역시,21,2022,비경제활동인구,1209.0
대구광역시,22,2022,비경제활동인구,812.0
인천광역시,23,2022,비경제활동인구,906.0
광주광역시,24,2022,비경제활동인구,507.0
대전광역시,25,2022,비경제활동인구,475.0
울산광역시,26,2022,비경제활동인구,372.0
세종특별자치시,29,2022,비경제활동인구,108.0
경기도,31,2022,비경제활동인구,4075.0
강원도,32,2022,비경제활동인구,478.0
충청북도,33,2022,비경제활동인구,478.0
충청남도,34,2022,비경제활동인구,653.0
전라북도,35,2022,비경제활동인구,564.0
전라남도,36,2022,비경제활동인구,491.0
경상북도,37,2022,비경제활동인구,826.0
경상남도,38,2022,비경제활동인구,1051.0
제주도,39,2022,비경제활동인구,164.0
계,00,2022,경제활동참가율,63.9
서울특별시,11,2022,경제활동참가율,62.5
부산광역시,21,2022,경제활동참가율,58.9
대구광역시,22,2022,경제활동참가율,60.9
인천광역시,23,2022,경제활동참가율,64.8
광주광역시,24,2022,경제활동참가율,60.4
대전광역시,25,2022,경제활동참가율,63.1
울산광역시,26,2022,경제활동참가율,61.1
세종특별자치시,29,2022,경제활동참가율,65.0
경기도,31,2022,경제활동참가율,65.7
강원도,32,2022,경제활동참가율,63.9
충청북도,33,2022,경제활동참가율,66.5
충청남도,34,2022,경제활동참가율,65.8
전라북도,35,2022,경제활동참가율,63.7
전라남도,36,2022,경제활동참가율,67.8
경상북도,37,2022,경제활동참가율,64.5
경상남도,38,2022,경제활동참가율,63.1
제주도,39,2022,경제활동참가율,71.4
계,00,2022,실업률,2.9
서울특별시,11,2022,실업률,3.4
부산광역시,21,2022,실업률,3.0
대구광역시,22,2022,실업률,2.9
인천광역시,23,2022,실업률,3.3
광주광역시,24,2022,실업률,2.9
대전광역시,25,2022,실업률,2.4
울산광역시,26,2022,실업률,3.2
세종특별자치시,29,2022,실업률,2.0
경기도,31,2022,실업률,2.7
강원도,32,2022,실업률,3.2
충청북도,33,2022,실업률,2.5
충청남도,34,2022,실업률,2.3
전라북도,35,2022,실업률,2.4
전라남도,36,2022,실업률,2.2
경상북도,37,2022,실업률,2.5
경상남도,38,2022,실업률,3.3
제주도,39,2022,실업률,2.1
계,00,2022,고용률,62.1
서울특별시,11,2022,고용률,60.4
부산광역시,21,2022,고용률,57.1
대구광역시,22,2022,고용률,59.1
인천광역시,23,2022,고용률,62.7
광주광역시,24,2022,고용률,58.6
대전광역시,25,2022,고용률,61.6
울산광역시,26,2022,고용률,59.2
세종특별자치시,29,2022,고용률,63.7
경기도,31,2022,고용률,63.9
강원도,32,2022,고용률,61.8
충청북도,33,2022,고용률,64.9
충청남도,34,2022,고용률,64.3
전라북도,35,2022,고용률,62.2
전라남도,36,2022,고용률,66.3
경상북도,37,2022,고용률,62.9
경상남도,38,2022,고용률,61.1
제주도,39,2022,고용률,69.9
계,00,2022,15-64세 고용률,68.5
서울특별시,11,2022,15-64세 고용률,68.4
부산광역시,21,2022,15-64세 고용률,65.4
대구광역시,22,2022,15-64세 고용률,66.9
인천광역시,23,2022,15-64세 고용률,69.4
광주광역시,24,2022,15-64세 고용률,64.3
대전광역시,25,2022,15-64세 고용률,67.9
울산광역시,26,2022,15-64세 고용률,64.7
세종특별자치시,29,2022,15-64세 고용률,67.4
경기도,31,2022,15-64세 고용률,70.0
강원도,32,2022,15-64세 고용률,67.8
충청북도,33,2022,15-64세 고용률,71.1
충청남도,34,2022,15-64세 고용률,69.5
전라북도,35,2022,15-64세 고용률,66.8
전라남도,36,2022,15-64세 고용률,71.2
경상북도,37,2022,15-64세 고용률,68.2
경상남도,38,2022,15-64세 고용률,66.4
제주도,39,2022,15-64세 고용률,74.5
계,00,2021,15세이상인구,45080.0
서울특별시,11,2021,15세이상인구,8533.0
부산광역시,21,2021,15세이상인구,2949.0
대구광역시,22,2021,15세이상인구,2090.0
인천광역시,23,2021,15세이상인구,2548.0
광주광역시,24,2021,15세이상인구,1280.0
대전광역시,25,2021,15세이상인구,1288.0
울산광역시,26,2021,15세이상인구,962.0
세종특별자치시,29,2021,15세이상인구,296.0
경기도,31,2021,15세이상인구,11695.0
강원도,32,2021,15세이상인구,1317.0
충청북도,33,2021,15세이상인구,1417.0
충청남도,34,2021,15세이상인구,1893.0
전라북도,35,2021,15세이상인구,1555.0
전라남도,36,2021,15세이상인구,1524.0
경상북도,37,2021,15세이상인구,2312.0
경상남도,38,2021,15세이상인구,2855.0
제주도,39,2021,15세이상인구,568.0
계,00,2021,경제활동인구,28310.0
서울특별시,11,2021,경제활동인구,5312.0
부산광역시,21,2021,경제활동인구,1715.0
대구광역시,22,2021,경제활동인구,1265.0
인천광역시,23,2021,경제활동인구,1629.0
광주광역시,24,2021,경제활동인구,772.0
대전광역시,25,2021,경제활동인구,811.0
울산광역시,26,2021,경제활동인구,575.0
세종특별자치시,29,2021,경제활동인구,189.0
경기도,31,2021,경제활동인구,7422.0
강원도,32,2021,경제활동인구,840.0
충청북도,33,2021,경제활동인구,920.0
충청남도,34,2021,경제활동인구,1221.0
전라북도,35,2021,경제활동인구,974.0
전라남도,36,2021,경제활동인구,1008.0
경상북도,37,2021,경제활동인구,1457.0
경상남도,38,2021,경제활동인구,1805.0
제주도,39,2021,경제활동인구,395.0
계,00,2021,비경제활동인구,16770.0
서울특별시,11,2021,비경제활동인구,3221.0
부산광역시,21,2021,비경제활동인구,1234.0
대구광역시,22,2021,비경제활동인구,825.0
인천광역시,23,2021,비경제활동인구,920.0
광주광역시,24,2021,비경제활동인구,508.0
대전광역시,25,2021,비경제활동인구,477.0
울산광역시,26,2021,비경제활동인구,386.0
세종특별자치시,29,2021,비경제활동인구,107.0
경기도,31,2021,비경제활동인구,4273.0
강원도,32,2021,비경제활동인구,478.0
충청북도,33,2021,비경제활동인구,496.0
충청남도,34,2021,비경제활동인구,672.0
전라북도,35,2021,비경제활동인구,582.0
전라남도,36,2021,비경제활동인구,516.0
경상북도,37,2021,비경제활동인구,855.0
경상남도,38,2021,비경제활동인구,1049.0
제주도,39,2021,비경제활동인구,173.0
계,00,2021,경제활동참가율,62.8
서울특별시,11,2021,경제활동참가율,62.3
부산광역시,21,2021,경제활동참가율,58.2
대구광역시,22,2021,경제활동참가율,60.5
인천광역시,23,2021,경제활동참가율,63.9
광주광역시,24,2021,경제활동참가율,60.3
대전광역시,25,2021,경제활동참가율,63.0
울산광역시,26,2021,경제활동참가율,59.8
세종특별자치시,29,2021,경제활동참가율,64.0
경기도,31,2021,경제활동참가율,63.5
강원도,32,2021,경제활동참가율,63.7
충청북도,33,2021,경제활동참가율,65.0
충청남도,34,2021,경제활동참가율,64.5
전라북도,35,2021,경제활동참가율,62.6
전라남도,36,2021,경제활동참가율,66.2
경상북도,37,2021,경제활동참가율,63.0
경상남도,38,2021,경제활동참가율,63.2
제주도,39,2021,경제활동참가율,69.6
계,00,2021,실업률,3.7
서울특별시,11,2021,실업률,4.8
부산광역시,21,2021,실업률,3.4
대구광역시,22,2021,실업률,3.7
인천광역시,23,2021,실업률,4.0
광주광역시,24,2021,실업률,3.6
대전광역시,25,2021,실업률,3.3
울산광역시,26,2021,실업률,3.6
세종특별자치시,29,2021,실업률,2.1
경기도,31,2021,실업률,3.7
강원도,32,2021,실업률,3.6
충청북도,33,2021,실업률,2.5
충청남도,34,2021,실업률,2.3
전라북도,35,2021,실업률,2.2
전라남도,36,2021,실업률,2.3
경상북도,37,2021,실업률,3.2
경상남도,38,2021,실업률,4.1
제주도,39,2021,실업률,3.1
계,00,2021,고용률,60.5
서울특별시,11,2021,고용률,59.2
부산광역시,21,2021,고용률,56.2
대구광역시,22,2021,고용률,58.2
인천광역시,23,2021,고용률,61.3
광주광역시,24,2021,고용률,58.2
대전광역시,25,2021,고용률,60.9
울산광역시,26,2021,고용률,57.7
세종특별자치시,29,2021,고용률,62.6
경기도,31,2021,고용률,61.1
강원도,32,2021,고용률,61.4
충청북도,33,2021,고용률,63.3
충청남도,34,2021,고용률,63.0
전라북도,35,2021,고용률,61.2
전라남도,36,2021,고용률,64.6
경상북도,37,2021,고용률,61.0
경상남도,38,2021,고용률,60.7
제주도,39,2021,고용률,67.4
계,00,2021,15-64세 고용률,66.5
서울특별시,11,2021,15-64세 고용률,66.6
부산광역시,21,2021,15-64세 고용률,63.9
대구광역시,22,2021,15-64세 고용률,65.5
인천광역시,23,2021,15-64세 고용률,67.4
광주광역시,24,2021,15-64세 고용률,63.4
대전광역시,25,2021,15-64세 고용률,66.7
울산광역시,26,2021,15-64세 고용률,62.9
세종특별자치시,29,2021,15-64세 고용률,66.2
경기도,31,2021,15-64세 고용률,66.9
강원도,32,2021,15-64세 고용률,67.2
충청북도,33,2021,15-64세 고용률,69.9
충청남도,34,2021,15-64세 고용률,68.2
전라북도,35,2021,15-64세 고용률,66.1
전라남도,36,2021,15-64세 고용률,69.4
경상북도,37,2021,15-64세 고용률,65.7
경상남도,38,2021,15-64세 고용률,65.4
제주도,39,2021,15-64세 고용률,71.6
계,00,2020,15세이상인구,44785.0
서울특별시,11,2020,15세이상인구,8516.0
부산광역시,21,2020,15세이상인구,2948.0
대구광역시,22,2020,15세이상인구,2091.0
인천광역시,23,2020,15세이상인구,2544.0
광주광역시,24,2020,15세이상인구,1274.0
대전광역시,25,2020,15세이상인구,1286.0
울산광역시,26,2020,15세이상인구,964.0
세종특별자치시,29,2020,15세이상인구,287.0
경기도,31,2020,15세이상인구,11456.0
강원도,32,2020,15세이상인구,1307.0
충청북도,33,2020,15세이상인구,1409.0
충청남도,34,2020,15세이상인구,1885.0
전라북도,35,2020,15세이상인구,1555.0
전라남도,36,2020,15세이상인구,1525.0
경상북도,37,2020,15세이상인구,2321.0
경상남도,38,2020,15세이상인구,2854.0
제주도,39,2020,15세이상인구,563.0
계,00,2020,경제활동인구,28012.0
서울특별시,11,2020,경제활동인구,5293.0
부산광역시,21,2020,경제활동인구,1712.0
대구광역시,22,2020,경제활동인구,1232.0
인천광역시,23,2020,경제활동인구,1634.0
광주광역시,24,2020,경제활동인구,778.0
대전광역시,25,2020,경제활동인구,816.0
울산광역시,26,2020,경제활동인구,585.0
세종특별자치시,29,2020,경제활동인구,185.0
경기도,31,2020,경제활동인구,7193.0
강원도,32,2020,경제활동인구,827.0
충청북도,33,2020,경제활동인구,919.0
충청남도,34,2020,경제활동인구,1218.0
전라북도,35,2020,경제활동인구,956.0
전라남도,36,2020,경제활동인구,998.0
경상북도,37,2020,경제활동인구,1478.0
경상남도,38,2020,경제활동인구,1802.0
제주도,39,2020,경제활동인구,388.0
계,00,2020,비경제활동인구,16773.0
서울특별시,11,2020,비경제활동인구,3223.0
부산광역시,21,2020,비경제활동인구,1237.0
대구광역시,22,2020,비경제활동인구,859.0
인천광역시,23,2020,비경제활동인구,910.0
광주광역시,24,2020,비경제활동인구,497.0
대전광역시,25,2020,비경제활동인구,471.0
울산광역시,26,2020,비경제활동인구,379.0
세종특별자치시,29,2020,비경제활동인구,102.0
경기도,31,2020,비경제활동인구,4263.0
강원도,32,2020,비경제활동인구,480.0
충청북도,33,2020,비경제활동인구,489.0
충청남도,34,2020,비경제활동인구,667.0
전라북도,35,2020,비경제활동인구,600.0
전라남도,36,2020,비경제활동인구,528.0
경상북도,37,2020,비경제활동인구,842.0
경상남도,38,2020,비경제활동인구,1052.0
제주도,39,2020,비경제활동인구,176.0
계,00,2020,경제활동참가율,62.5
서울특별시,11,2020,경제활동참가율,62.1
부산광역시,21,2020,경제활동참가율,58.1
대구광역시,22,2020,경제활동참가율,58.9
인천광역시,23,2020,경제활동참가율,64.2
광주광역시,24,2020,경제활동참가율,61.0
대전광역시,25,2020,경제활동참가율,63.4
울산광역시,26,2020,경제활동참가율,60.7
세종특별자치시,29,2020,경제활동참가율,64.5
경기도,31,2020,경제활동참가율,62.8
강원도,32,2020,경제활동참가율,63.3
충청북도,33,2020,경제활동참가율,65.3
충청남도,34,2020,경제활동참가율,64.6
전라북도,35,2020,경제활동참가율,61.5
전라남도,36,2020,경제활동참가율,65.4
경상북도,37,2020,경제활동참가율,63.7
경상남도,38,2020,경제활동참가율,63.1
제주도,39,2020,경제활동참가율,68.8
계,00,2020,실업률,4.0
서울특별시,11,2020,실업률,4.6
부산광역시,21,2020,실업률,4.2
대구광역시,22,2020,실업률,3.9
인천광역시,23,2020,실업률,4.6
광주광역시,24,2020,실업률,3.9
대전광역시,25,2020,실업률,4.4
울산광역시,26,2020,실업률,4.2
세종특별자치시,29,2020,실업률,2.8
경기도,31,2020,실업률,4.0
강원도,32,2020,실업률,3.9
충청북도,33,2020,실업률,3.2
충청남도,34,2020,실업률,3.5
전라북도,35,2020,실업률,2.5
전라남도,36,2020,실업률,2.4
경상북도,37,2020,실업률,4.0
경상남도,38,2020,실업률,4.0
제주도,39,2020,실업률,2.5
계,00,2020,고용률,60.1
서울특별시,11,2020,고용률,59.3
부산광역시,21,2020,고용률,55.6
대구광역시,22,2020,고용률,56.6
인천광역시,23,2020,고용률,61.3
광주광역시,24,2020,고용률,58.7
대전광역시,25,2020,고용률,60.7
울산광역시,26,2020,고용률,58.1
세종특별자치시,29,2020,고용률,62.7
경기도,31,2020,고용률,60.3
강원도,32,2020,고용률,60.8
충청북도,33,2020,고용률,63.2
충청남도,34,2020,고용률,62.4
전라북도,35,2020,고용률,59.9
전라남도,36,2020,고용률,63.9
경상북도,37,2020,고용률,61.1
경상남도,38,2020,고용률,60.6
제주도,39,2020,고용률,67.1
계,00,2020,15-64세 고용률,65.9
서울특별시,11,2020,15-64세 고용률,65.9
부산광역시,21,2020,15-64세 고용률,62.9
대구광역시,22,2020,15-64세 고용률,63.0
인천광역시,23,2020,15-64세 고용률,66.9
광주광역시,24,2020,15-64세 고용률,63.8
대전광역시,25,2020,15-64세 고용률,66.2
울산광역시,26,2020,15-64세 고용률,62.9
세종특별자치시,29,2020,15-64세 고용률,66.3
경기도,31,2020,15-64세 고용률,65.9
강원도,32,2020,15-64세 고용률,67.0
충청북도,33,2020,15-64세 고용률,69.0
충청남도,34,2020,15-64세 고용률,67.8
전라북도,35,2020,15-64세 고용률,64.6
전라남도,36,2020,15-64세 고용률,69.1
경상북도,37,2020,15-64세 고용률,66.4
경상남도,38,2020,15-64세 고용률,65.5
제주도,39,2020,15-64세 고용률,70.7
계,00,2019,15세이상인구,44504.0
서울특별시,11,2019,15세이상인구,8478.0
부산광역시,21,2019,15세이상인구,2960.0
대구광역시,22,2019,15세이상인구,2104.0
인천광역시,23,2019,15세이상인구,2529.0
광주광역시,24,2019,15세이상인구,1265.0
대전광역시,25,2019,15세이상인구,1291.0
울산광역시,26,2019,15세이상인구,967.0
세종특별자치시,29,2019,15세이상인구,268.0
경기도,31,2019,15세이상인구,11234.0
강원도,32,2019,15세이상인구,1303.0
충청북도,33,2019,15세이상인구,1400.0
충청남도,34,2019,15세이상인구,1878.0
전라북도,35,2019,15세이상인구,1563.0
전라남도,36,2019,15세이상인구,1535.0
경상북도,37,2019,15세이상인구,2318.0
경상남도,38,2019,15세이상인구,2854.0
제주도,39,2019,15세이상인구,558.0
계,00,2019,경제활동인구,28186.0
서울특별시,11,2019,경제활동인구,5319.0
부산광역시,21,2019,경제활동인구,1741.0
대구광역시,22,2019,경제활동인구,1266.0
인천광역시,23,2019,경제활동인구,1653.0
광주광역시,24,2019,경제활동인구,778.0
대전광역시,25,2019,경제활동인구,806.0
울산광역시,26,2019,경제활동인구,596.0
세종특별자치시,29,2019,경제활동인구,172.0
경기도,31,2019,경제활동인구,7226.0
강원도,32,2019,경제활동인구,841.0
충청북도,33,2019,경제활동인구,908.0
충청남도,34,2019,경제활동인구,1231.0
전라북도,35,2019,경제활동인구,953.0
전라남도,36,2019,경제활동인구,999.0
경상북도,37,2019,경제활동인구,1488.0
경상남도,38,2019,경제활동인구,1817.0
제주도,39,2019,경제활동인구,390.0
계,00,2019,비경제활동인구,16318.0
서울특별시,11,2019,비경제활동인구,3159.0
부산광역시,21,2019,비경제활동인구,1219.0
대구광역시,22,2019,비경제활동인구,838.0
인천광역시,23,2019,비경제활동인구,876.0
광주광역시,24,2019,비경제활동인구,486.0
대전광역시,25,2019,비경제활동인구,485.0
울산광역시,26,2019,비경제활동인구,370.0
세종특별자치시,29,2019,비경제활동인구,96.0
경기도,31,2019,비경제활동인구,4008.0
강원도,32,2019,비경제활동인구,462.0
충청북도,33,2019,비경제활동인구,492.0
충청남도,34,2019,비경제활동인구,647.0
전라북도,35,2019,비경제활동인구,610.0
전라남도,36,2019,비경제활동인구,536.0
경상북도,37,2019,비경제활동인구,830.0
경상남도,38,2019,비경제활동인구,1037.0
제주도,39,2019,비경제활동인구,168.0
계,00,2019,경제활동참가율,63.3
서울특별시,11,2019,경제활동참가율,62.7
부산광역시,21,2019,경제활동참가율,58.8
대구광역시,22,2019,경제활동참가율,60.2
인천광역시,23,2019,경제활동참가율,65.4
광주광역시,24,2019,경제활동참가율,61.5
대전광역시,25,2019,경제활동참가율,62.4
울산광역시,26,2019,경제활동참가율,61.7
세종특별자치시,29,2019,경제활동참가율,64.3
경기도,31,2019,경제활동참가율,64.3
강원도,32,2019,경제활동참가율,64.6
충청북도,33,2019,경제활동참가율,64.9
충청남도,34,2019,경제활동참가율,65.6
전라북도,35,2019,경제활동참가율,61.0
전라남도,36,2019,경제활동참가율,65.1
경상북도,37,2019,경제활동참가율,64.2
경상남도,38,2019,경제활동참가율,63.7
제주도,39,2019,경제활동참가율,69.9
계,00,2019,실업률,3.8
서울특별시,11,2019,실업률,4.4
부산광역시,21,2019,실업률,3.7
대구광역시,22,2019,실업률,3.7
인천광역시,23,2019,실업률,4.4
광주광역시,24,2019,실업률,3.7
대전광역시,25,2019,실업률,4.2
울산광역시,26,2019,실업률,4.2
세종특별자치시,29,2019,실업률,2.7
경기도,31,2019,실업률,3.8
강원도,32,2019,실업률,3.6
충청북도,33,2019,실업률,3.1
충청남도,34,2019,실업률,2.9
전라북도,35,2019,실업률,2.7
전라남도,36,2019,실업률,2.6
경상북도,37,2019,실업률,3.9
경상남도,38,2019,실업률,3.8
제주도,39,2019,실업률,2.1
계,00,2019,고용률,60.9
서울특별시,11,2019,고용률,60.0
부산광역시,21,2019,고용률,56.6
대구광역시,22,2019,고용률,57.9
인천광역시,23,2019,고용률,62.5
광주광역시,24,2019,고용률,59.3
대전광역시,25,2019,고용률,59.8
울산광역시,26,2019,고용률,59.1
세종특별자치시,29,2019,고용률,62.5
경기도,31,2019,고용률,61.9
강원도,32,2019,고용률,62.3
충청북도,33,2019,고용률,62.9
충청남도,34,2019,고용률,63.7
전라북도,35,2019,고용률,59.3
전라남도,36,2019,고용률,63.4
경상북도,37,2019,고용률,61.7
경상남도,38,2019,고용률,61.3
제주도,39,2019,고용률,68.4
계,00,2019,15-64세 고용률,66.8
서울특별시,11,2019,15-64세 고용률,66.3
부산광역시,21,2019,15-64세 고용률,64.2
대구광역시,22,2019,15-64세 고용률,64.2
인천광역시,23,2019,15-64세 고용률,68.3
광주광역시,24,2019,15-64세 고용률,64.5
대전광역시,25,2019,15-64세 고용률,65.3
울산광역시,26,2019,15-64세 고용률,63.7
세종특별자치시,29,2019,15-64세 고용률,65.9
경기도,31,2019,15-64세 고용률,67.6
강원도,32,2019,15-64세 고용률,68.3
충청북도,33,2019,15-64세 고용률,68.3
충청남도,34,2019,15-64세 고용률,69.3
전라북도,35,2019,15-64세 고용률,64.4
전라남도,36,2019,15-64세 고용률,68.8
경상북도,37,2019,15-64세 고용률,67.4
경상남도,38,2019,15-64세 고용률,67.0
제주도,39,2019,15-64세 고용률,72.5
계,00,2018,15세이상인구,44182.0
서울특별시,11,2018,15세이상인구,8521.0
부산광역시,21,2018,15세이상인구,2975.0
대구광역시,22,2018,15세이상인구,2106.0
인천광역시,23,2018,15세이상인구,2503.0
광주광역시,24,2018,15세이상인구,1261.0
대전광역시,25,2018,15세이상인구,1293.0
울산광역시,26,2018,15세이상인구,973.0
세종특별자치시,29,2018,15세이상인구,240.0
경기도,31,2018,15세이상인구,10959.0
강원도,32,2018,15세이상인구,1300.0
충청북도,33,2018,15세이상인구,1385.0
충청남도,34,2018,15세이상인구,1855.0
전라북도,35,2018,15세이상인구,1569.0
전라남도,36,2018,15세이상인구,1540.0
경상북도,37,2018,15세이상인구,2316.0
경상남도,38,2018,15세이상인구,2845.0
제주도,39,2018,15세이상인구,544.0
계,00,2018,경제활동인구,27895.0
서울특별시,11,2018,경제활동인구,5335.0
부산광역시,21,2018,경제활동인구,1729.0
대구광역시,22,2018,경제활동인구,1282.0
인천광역시,23,2018,경제활동인구,1645.0
광주광역시,24,2018,경제활동인구,779.0
대전광역시,25,2018,경제활동인구,792.0
울산광역시,26,2018,경제활동인구,602.0
세종특별자치시,29,2018,경제활동인구,152.0
경기도,31,2018,경제활동인구,7058.0
강원도,32,2018,경제활동인구,812.0
충청북도,33,2018,경제활동인구,898.0
충청남도,34,2018,경제활동인구,1216.0
전라북도,35,2018,경제활동인구,940.0
전라남도,36,2018,경제활동인구,988.0
경상북도,37,2018,경제활동인구,1488.0
경상남도,38,2018,경제활동인구,1801.0
제주도,39,2018,경제활동인구,379.0
계,00,2018,비경제활동인구,16287.0
서울특별시,11,2018,비경제활동인구,3186.0
부산광역시,21,2018,비경제활동인구,1247.0
대구광역시,22,2018,비경제활동인구,824.0
인천광역시,23,2018,비경제활동인구,858.0
광주광역시,24,2018,비경제활동인구,483.0
대전광역시,25,2018,비경제활동인구,500.0
울산광역시,26,2018,비경제활동인구,371.0
세종특별자치시,29,2018,비경제활동인구,88.0
경기도,31,2018,비경제활동인구,3901.0
강원도,32,2018,비경제활동인구,488.0
충청북도,33,2018,비경제활동인구,487.0
충청남도,34,2018,비경제활동인구,639.0
전라북도,35,2018,비경제활동인구,629.0
전라남도,36,2018,비경제활동인구,551.0
경상북도,37,2018,비경제활동인구,828.0
경상남도,38,2018,비경제활동인구,1044.0
제주도,39,2018,비경제활동인구,164.0
계,00,2018,경제활동참가율,63.1
서울특별시,11,2018,경제활동참가율,62.6
부산광역시,21,2018,경제활동참가율,58.1
대구광역시,22,2018,경제활동참가율,60.9
인천광역시,23,2018,경제활동참가율,65.7
광주광역시,24,2018,경제활동참가율,61.7
대전광역시,25,2018,경제활동참가율,61.3
울산광역시,26,2018,경제활동참가율,61.8
세종특별자치시,29,2018,경제활동참가율,63.2
경기도,31,2018,경제활동참가율,64.4
강원도,32,2018,경제활동참가율,62.5
충청북도,33,2018,경제활동참가율,64.9
충청남도,34,2018,경제활동참가율,65.6
전라북도,35,2018,경제활동참가율,59.9
전라남도,36,2018,경제활동참가율,64.2
경상북도,37,2018,경제활동참가율,64.2
경상남도,38,2018,경제활동참가율,63.3
제주도,39,2018,경제활동참가율,69.8
계,00,2018,실업률,3.8
서울특별시,11,2018,실업률,4.8
부산광역시,21,2018,실업률,4.1
대구광역시,22,2018,실업률,4.4
인천광역시,23,2018,실업률,4.3
광주광역시,24,2018,실업률,3.8
대전광역시,25,2018,실업률,4.2
울산광역시,26,2018,실업률,4.6
세종특별자치시,29,2018,실업률,2.3
경기도,31,2018,실업률,3.8
강원도,32,2018,실업률,2.9
충청북도,33,2018,실업률,2.4
충청남도,34,2018,실업률,3.1
전라북도,35,2018,실업률,2.7
전라남도,36,2018,실업률,2.8
경상북도,37,2018,실업률,4.1
경상남도,38,2018,실업률,3.0
제주도,39,2018,실업률,2.0
계,00,2018,고용률,60.7
서울특별시,11,2018,고용률,59.6
부산광역시,21,2018,고용률,55.7
대구광역시,22,2018,고용률,58.2
인천광역시,23,2018,고용률,62.9
광주광역시,24,2018,고용률,59.4
대전광역시,25,2018,고용률,58.7
울산광역시,26,2018,고용률,59.0
세종특별자치시,29,2018,고용률,61.8
경기도,31,2018,고용률,62.0
강원도,32,2018,고용률,60.7
충청북도,33,2018,고용률,63.3
충청남도,34,2018,고용률,63.5
전라북도,35,2018,고용률,58.3
전라남도,36,2018,고용률,62.4
경상북도,37,2018,고용률,61.6
경상남도,38,2018,고용률,61.4
제주도,39,2018,고용률,68.4
계,00,2018,15-64세 고용률,66.6
서울특별시,11,2018,15-64세 고용률,66.0
부산광역시,21,2018,15-64세 고용률,62.9
대구광역시,22,2018,15-64세 고용률,64.2
인천광역시,23,2018,15-64세 고용률,68.6
광주광역시,24,2018,15-64세 고용률,64.6
대전광역시,25,2018,15-64세 고용률,63.9
울산광역시,26,2018,15-64세 고용률,63.6
세종특별자치시,29,2018,15-64세 고용률,65.6
경기도,31,2018,15-64세 고용률,67.9
강원도,32,2018,15-64세 고용률,66.7
충청북도,33,2018,15-64세 고용률,69.1
충청남도,34,2018,15-64세 고용률,69.0
전라북도,35,2018,15-64세 고용률,63.9
전라남도,36,2018,15-64세 고용률,67.6
경상북도,37,2018,15-64세 고용률,66.9
경상남도,38,2018,15-64세 고용률,66.9
제주도,39,2018,15-64세 고용률,73.7
계,00,2017,15세이상인구,43931.0
서울특별시,11,2017,15세이상인구,8557.0
부산광역시,21,2017,15세이상인구,2992.0
대구광역시,22,2017,15세이상인구,2108.0
인천광역시,23,2017,15세이상인구,2485.0
광주광역시,24,2017,15세이상인구,1260.0
대전광역시,25,2017,15세이상인구,1296.0
울산광역시,26,2017,15세이상인구,976.0
세종특별자치시,29,2017,15세이상인구,211.0
경기도,31,2017,15세이상인구,10760.0
강원도,32,2017,15세이상인구,1295.0
충청북도,33,2017,15세이상인구,1376.0
충청남도,34,2017,15세이상인구,1831.0
전라북도,35,2017,15세이상인구,1571.0
전라남도,36,2017,15세이상인구,1541.0
경상북도,37,2017,15세이상인구,2316.0
경상남도,38,2017,15세이상인구,2830.0
제주도,39,2017,15세이상인구,528.0
계,00,2017,경제활동인구,27748.0
서울특별시,11,2017,경제활동인구,5396.0
부산광역시,21,2017,경제활동인구,1766.0
대구광역시,22,2017,경제활동인구,1291.0
인천광역시,23,2017,경제활동인구,1607.0
광주광역시,24,2017,경제활동인구,766.0
대전광역시,25,2017,경제활동인구,791.0
울산광역시,26,2017,경제활동인구,605.0
세종특별자치시,29,2017,경제활동인구,132.0
경기도,31,2017,경제활동인구,6953.0
강원도,32,2017,경제활동인구,811.0
충청북도,33,2017,경제활동인구,880.0
충청남도,34,2017,경제활동인구,1174.0
전라북도,35,2017,경제활동인구,944.0
전라남도,36,2017,경제활동인구,988.0
경상북도,37,2017,경제활동인구,1488.0
경상남도,38,2017,경제활동인구,1775.0
제주도,39,2017,경제활동인구,382.0
계,00,2017,비경제활동인구,16183.0
서울특별시,11,2017,비경제활동인구,3161.0
부산광역시,21,2017,비경제활동인구,1226.0
대구광역시,22,2017,비경제활동인구,817.0
인천광역시,23,2017,비경제활동인구,878.0
광주광역시,24,2017,비경제활동인구,494.0
대전광역시,25,2017,비경제활동인구,505.0
울산광역시,26,2017,비경제활동인구,372.0
세종특별자치시,29,2017,비경제활동인구,79.0
경기도,31,2017,비경제활동인구,3806.0
강원도,32,2017,비경제활동인구,484.0
충청북도,33,2017,비경제활동인구,495.0
충청남도,34,2017,비경제활동인구,657.0
전라북도,35,2017,비경제활동인구,627.0
전라남도,36,2017,비경제활동인구,553.0
경상북도,37,2017,비경제활동인구,828.0
경상남도,38,2017,비경제활동인구,1055.0
제주도,39,2017,비경제활동인구,146.0
계,00,2017,경제활동참가율,63.2
서울특별시,11,2017,경제활동참가율,63.1
부산광역시,21,2017,경제활동참가율,59.0
대구광역시,22,2017,경제활동참가율,61.2
인천광역시,23,2017,경제활동참가율,64.7
광주광역시,24,2017,경제활동참가율,60.8
대전광역시,25,2017,경제활동참가율,61.0
울산광역시,26,2017,경제활동참가율,61.9
세종특별자치시,29,2017,경제활동참가율,62.7
경기도,31,2017,경제활동참가율,64.6
강원도,32,2017,경제활동참가율,62.6
충청북도,33,2017,경제활동참가율,64.0
충청남도,34,2017,경제활동참가율,64.1
전라북도,35,2017,경제활동참가율,60.1
전라남도,36,2017,경제활동참가율,64.1
경상북도,37,2017,경제활동참가율,64.2
경상남도,38,2017,경제활동참가율,62.7
제주도,39,2017,경제활동참가율,72.3
계,00,2017,실업률,3.7
서울특별시,11,2017,실업률,4.5
부산광역시,21,2017,실업률,4.6
대구광역시,22,2017,실업률,4.0
인천광역시,23,2017,실업률,4.6
광주광역시,24,2017,실업률,2.9
대전광역시,25,2017,실업률,3.4
울산광역시,26,2017,실업률,3.5
세종특별자치시,29,2017,실업률,2.3
경기도,31,2017,실업률,3.9
강원도,32,2017,실업률,2.6
충청북도,33,2017,실업률,2.2
충청남도,34,2017,실업률,2.8
전라북도,35,2017,실업률,2.5
전라남도,36,2017,실업률,3.2
경상북도,37,2017,실업률,2.8
경상남도,38,2017,실업률,2.9
제주도,39,2017,실업률,1.9
계,00,2017,고용률,60.8
서울특별시,11,2017,고용률,60.2
부산광역시,21,2017,고용률,56.3
대구광역시,22,2017,고용률,58.8
인천광역시,23,2017,고용률,61.7
광주광역시,24,2017,고용률,59.0
대전광역시,25,2017,고용률,58.9
울산광역시,26,2017,고용률,59.8
세종특별자치시,29,2017,고용률,61.2
경기도,31,2017,고용률,62.1
강원도,32,2017,고용률,61.0
충청북도,33,2017,고용률,62.6
충청남도,34,2017,고용률,62.3
전라북도,35,2017,고용률,58.6
전라남도,36,2017,고용률,62.1
경상북도,37,2017,고용률,62.5
경상남도,38,2017,고용률,60.9
제주도,39,2017,고용률,70.9
계,00,2017,15-64세 고용률,66.6
서울특별시,11,2017,15-64세 고용률,66.4
부산광역시,21,2017,15-64세 고용률,63.4
대구광역시,22,2017,15-64세 고용률,65.0
인천광역시,23,2017,15-64세 고용률,67.3
광주광역시,24,2017,15-64세 고용률,63.8
대전광역시,25,2017,15-64세 고용률,64.0
울산광역시,26,2017,15-64세 고용률,63.9
세종특별자치시,29,2017,15-64세 고용률,64.8
경기도,31,2017,15-64세 고용률,67.9
강원도,32,2017,15-64세 고용률,67.1
충청북도,33,2017,15-64세 고용률,69.1
충청남도,34,2017,15-64세 고용률,67.9
전라북도,35,2017,15-64세 고용률,64.4
전라남도,36,2017,15-64세 고용률,66.8
경상북도,37,2017,15-64세 고용률,67.9
경상남도,38,2017,15-64세 고용률,66.4
제주도,39,2017,15-64세 고용률,76.0
계,00,2016,15세이상인구,43606.0
서울특별시,11,2016,15세이상인구,8583.0
부산광역시,21,2016,15세이상인구,3001.0
대구광역시,22,2016,15세이상인구,2102.0
인천광역시,23,2016,15세이상인구,2461.0
광주광역시,24,2016,15세이상인구,1257.0
대전광역시,25,2016,15세이상인구,1295.0
울산광역시,26,2016,15세이상인구,976.0
세종특별자치시,29,2016,15세이상인구,0.0
경기도,31,2016,15세이상인구,10548.0
강원도,32,2016,15세이상인구,1288.0
충청북도,33,2016,15세이상인구,1363.0
충청남도,34,2016,15세이상인구,1987.0
전라북도,35,2016,15세이상인구,1569.0
전라남도,36,2016,15세이상인구,1539.0
경상북도,37,2016,15세이상인구,2313.0
경상남도,38,2016,15세이상인구,2812.0
제주도,39,2016,15세이상인구,512.0
계,00,2016,경제활동인구,27418.0
서울특별시,11,2016,경제활동인구,5372.0
부산광역시,21,2016,경제활동인구,1754.0
대구광역시,22,2016,경제활동인구,1301.0
인천광역시,23,2016,경제활동인구,1598.0
광주광역시,24,2016,경제활동인구,753.0
대전광역시,25,2016,경제활동인구,800.0
울산광역시,26,2016,경제활동인구,599.0
세종특별자치시,29,2016,경제활동인구,0.0
경기도,31,2016,경제활동인구,6767.0
강원도,32,2016,경제활동인구,771.0
충청북도,33,2016,경제활동인구,867.0
충청남도,34,2016,경제활동인구,1266.0
전라북도,35,2016,경제활동인구,960.0
전라남도,36,2016,경제활동인구,994.0
경상북도,37,2016,경제활동인구,1490.0
경상남도,38,2016,경제활동인구,1763.0
제주도,39,2016,경제활동인구,363.0
계,00,2016,비경제활동인구,16187.0
서울특별시,11,2016,비경제활동인구,3211.0
부산광역시,21,2016,비경제활동인구,1247.0
대구광역시,22,2016,비경제활동인구,802.0
인천광역시,23,2016,비경제활동인구,863.0
광주광역시,24,2016,비경제활동인구,504.0
대전광역시,25,2016,비경제활동인구,496.0
울산광역시,26,2016,비경제활동인구,378.0
세종특별자치시,29,2016,비경제활동인구,0.0
경기도,31,2016,비경제활동인구,3781.0
강원도,32,2016,비경제활동인구,517.0
충청북도,33,2016,비경제활동인구,495.0
충청남도,34,2016,비경제활동인구,721.0
전라북도,35,2016,비경제활동인구,609.0
전라남도,36,2016,비경제활동인구,545.0
경상북도,37,2016,비경제활동인구,823.0
경상남도,38,2016,비경제활동인구,1049.0
제주도,39,2016,비경제활동인구,150.0
계,00,2016,경제활동참가율,62.9
서울특별시,11,2016,경제활동참가율,62.6
부산광역시,21,2016,경제활동참가율,58.5
대구광역시,22,2016,경제활동참가율,61.9
인천광역시,23,2016,경제활동참가율,64.9
광주광역시,24,2016,경제활동참가율,59.9
대전광역시,25,2016,경제활동참가율,61.7
울산광역시,26,2016,경제활동참가율,61.3
세종특별자치시,29,2016,경제활동참가율,0.0
경기도,31,2016,경제활동참가율,64.2
강원도,32,2016,경제활동참가율,59.9
충청북도,33,2016,경제활동참가율,63.7
충청남도,34,2016,경제활동참가율,63.7
전라북도,35,2016,경제활동참가율,61.2
전라남도,36,2016,경제활동참가율,64.6
경상북도,37,2016,경제활동참가율,64.4
경상남도,38,2016,경제활동참가율,62.7
제주도,39,2016,경제활동참가율,70.8
계,00,2016,실업률,3.7
서울특별시,11,2016,실업률,4.2
부산광역시,21,2016,실업률,3.9
대구광역시,22,2016,실업률,4.1
인천광역시,23,2016,실업률,4.9
광주광역시,24,2016,실업률,3.1
대전광역시,25,2016,실업률,3.2
울산광역시,26,2016,실업률,3.8
세종특별자치시,29,2016,실업률,0.0
경기도,31,2016,실업률,3.9
강원도,32,2016,실업률,2.8
충청북도,33,2016,실업률,2.6
충청남도,34,2016,실업률,3.2
전라북도,35,2016,실업률,2.1
전라남도,36,2016,실업률,3.0
경상북도,37,2016,실업률,3.2
경상남도,38,2016,실업률,3.3
제주도,39,2016,실업률,2.2
계,00,2016,고용률,60.6
서울특별시,11,2016,고용률,60.0
부산광역시,21,2016,고용률,56.2
대구광역시,22,2016,고용률,59.3
인천광역시,23,2016,고용률,61.8
광주광역시,24,2016,고용률,58.1
대전광역시,25,2016,고용률,59.7
울산광역시,26,2016,고용률,59.0
세종특별자치시,29,2016,고용률,0.0
경기도,31,2016,고용률,61.7
강원도,32,2016,고용률,58.2
충청북도,33,2016,고용률,62.0
충청남도,34,2016,고용률,61.7
전라북도,35,2016,고용률,59.9
전라남도,36,2016,고용률,62.7
경상북도,37,2016,고용률,62.4
경상남도,38,2016,고용률,60.6
제주도,39,2016,고용률,69.3
계,00,2016,15-64세 고용률,66.1
서울특별시,11,2016,15-64세 고용률,65.8
부산광역시,21,2016,15-64세 고용률,62.6
대구광역시,22,2016,15-64세 고용률,65.3
인천광역시,23,2016,15-64세 고용률,67.2
광주광역시,24,2016,15-64세 고용률,62.5
대전광역시,25,2016,15-64세 고용률,64.6
울산광역시,26,2016,15-64세 고용률,62.4
세종특별자치시,29,2016,15-64세 고용률,0.0
경기도,31,2016,15-64세 고용률,67.0
강원도,32,2016,15-64세 고용률,64.6
충청북도,33,2016,15-64세 고용률,68.2
충청남도,34,2016,15-64세 고용률,67.5
전라북도,35,2016,15-64세 고용률,65.5
전라남도,36,2016,15-64세 고용률,67.5
경상북도,37,2016,15-64세 고용률,67.5
경상남도,38,2016,15-64세 고용률,65.9
제주도,39,2016,15-64세 고용률,73.8
계,00,2015,15세이상인구,43239.0
서울특별시,11,2015,15세이상인구,8611.0
부산광역시,21,2015,15세이상인구,2993.0
대구광역시,22,2015,15세이상인구,2096.0
인천광역시,23,2015,15세이상인구,2433.0
광주광역시,24,2015,15세이상인구,1253.0
대전광역시,25,2015,15세이상인구,1291.0
울산광역시,26,2015,15세이상인구,970.0
세종특별자치시,29,2015,15세이상인구,0.0
경기도,31,2015,15세이상인구,10365.0
강원도,32,2015,15세이상인구,1280.0
충청북도,33,2015,15세이상인구,1345.0
충청남도,34,2015,15세이상인구,1925.0
전라북도,35,2015,15세이상인구,1559.0
전라남도,36,2015,15세이상인구,1532.0
경상북도,37,2015,15세이상인구,2298.0
경상남도,38,2015,15세이상인구,2791.0
제주도,39,2015,15세이상인구,495.0
계,00,2015,경제활동인구,27153.0
서울특별시,11,2015,경제활동인구,5391.0
부산광역시,21,2015,경제활동인구,1756.0
대구광역시,22,2015,경제활동인구,1291.0
인천광역시,23,2015,경제활동인구,1567.0
광주광역시,24,2015,경제활동인구,755.0
대전광역시,25,2015,경제활동인구,797.0
울산광역시,26,2015,경제활동인구,590.0
세종특별자치시,29,2015,경제활동인구,0.0
경기도,31,2015,경제활동인구,6653.0
강원도,32,2015,경제활동인구,765.0
충청북도,33,2015,경제활동인구,862.0
충청남도,34,2015,경제활동인구,1242.0
전라북도,35,2015,경제활동인구,938.0
전라남도,36,2015,경제활동인구,987.0
경상북도,37,2015,경제활동인구,1478.0
경상남도,38,2015,경제활동인구,1736.0
제주도,39,2015,경제활동인구,346.0
계,00,2015,비경제활동인구,16086.0
서울특별시,11,2015,비경제활동인구,3220.0
부산광역시,21,2015,비경제활동인구,1238.0
대구광역시,22,2015,비경제활동인구,805.0
인천광역시,23,2015,비경제활동인구,867.0
광주광역시,24,2015,비경제활동인구,498.0
대전광역시,25,2015,비경제활동인구,494.0
울산광역시,26,2015,비경제활동인구,380.0
세종특별자치시,29,2015,비경제활동인구,0.0
경기도,31,2015,비경제활동인구,3712.0
강원도,32,2015,비경제활동인구,515.0
충청북도,33,2015,비경제활동인구,484.0
충청남도,34,2015,비경제활동인구,684.0
전라북도,35,2015,비경제활동인구,621.0
전라남도,36,2015,비경제활동인구,545.0
경상북도,37,2015,비경제활동인구,820.0
경상남도,38,2015,비경제활동인구,1055.0
제주도,39,2015,비경제활동인구,149.0
계,00,2015,경제활동참가율,62.8
서울특별시,11,2015,경제활동참가율,62.6
부산광역시,21,2015,경제활동참가율,58.7
대구광역시,22,2015,경제활동참가율,61.6
인천광역시,23,2015,경제활동참가율,64.4
광주광역시,24,2015,경제활동참가율,60.3
대전광역시,25,2015,경제활동참가율,61.7
울산광역시,26,2015,경제활동참가율,60.8
세종특별자치시,29,2015,경제활동참가율,0.0
경기도,31,2015,경제활동참가율,64.2
강원도,32,2015,경제활동참가율,59.8
충청북도,33,2015,경제활동참가율,64.0
충청남도,34,2015,경제활동참가율,64.5
전라북도,35,2015,경제활동참가율,60.2
전라남도,36,2015,경제활동참가율,64.4
경상북도,37,2015,경제활동참가율,64.3
경상남도,38,2015,경제활동참가율,62.2
제주도,39,2015,경제활동참가율,69.8
계,00,2015,실업률,3.6
서울특별시,11,2015,실업률,4.2
부산광역시,21,2015,실업률,4.1
대구광역시,22,2015,실업률,3.5
인천광역시,23,2015,실업률,5.0
광주광역시,24,2015,실업률,2.9
대전광역시,25,2015,실업률,3.4
울산광역시,26,2015,실업률,2.9
세종특별자치시,29,2015,실업률,0.0
경기도,31,2015,실업률,3.9
강원도,32,2015,실업률,3.2
충청북도,33,2015,실업률,2.6
충청남도,34,2015,실업률,3.5
전라북도,35,2015,실업률,1.7
전라남도,36,2015,실업률,2.5
경상북도,37,2015,실업률,3.0
경상남도,38,2015,실업률,2.6
제주도,39,2015,실업률,1.9
계,00,2015,고용률,60.5
서울특별시,11,2015,고용률,60.0
부산광역시,21,2015,고용률,56.3
대구광역시,22,2015,고용률,59.4
인천광역시,23,2015,고용률,61.1
광주광역시,24,2015,고용률,58.5
대전광역시,25,2015,고용률,59.6
울산광역시,26,2015,고용률,59.0
세종특별자치시,29,2015,고용률,0.0
경기도,31,2015,고용률,61.7
강원도,32,2015,고용률,57.9
충청북도,33,2015,고용률,62.4
충청남도,34,2015,고용률,62.3
전라북도,35,2015,고용률,59.2
전라남도,36,2015,고용률,62.8
경상북도,37,2015,고용률,62.4
경상남도,38,2015,고용률,60.6
제주도,39,2015,고용률,68.5
계,00,2015,15-64세 고용률,65.9
서울특별시,11,2015,15-64세 고용률,65.5
부산광역시,21,2015,15-64세 고용률,62.7
대구광역시,22,2015,15-64세 고용률,65.4
인천광역시,23,2015,15-64세 고용률,65.9
광주광역시,24,2015,15-64세 고용률,63.2
대전광역시,25,2015,15-64세 고용률,64.6
울산광역시,26,2015,15-64세 고용률,62.5
세종특별자치시,29,2015,15-64세 고용률,0.0
경기도,31,2015,15-64세 고용률,66.8
강원도,32,2015,15-64세 고용률,64.3
충청북도,33,2015,15-64세 고용률,68.3
충청남도,34,2015,15-64세 고용률,67.9
전라북도,35,2015,15-64세 고용률,64.6
전라남도,36,2015,15-64세 고용률,67.9
경상북도,37,2015,15-64세 고용률,67.6
경상남도,38,2015,15-64세 고용률,66.0
제주도,39,2015,15-64세 고용률,72.9
계,00,2014,15세이상인구,42795.0
서울특별시,11,2014,15세이상인구,8612.0
부산광역시,21,2014,15세이상인구,2985.0
대구광역시,22,2014,15세이상인구,2090.0
인천광역시,23,2014,15세이상인구,2403.0
광주광역시,24,2014,15세이상인구,1244.0
대전광역시,25,2014,15세이상인구,1288.0
울산광역시,26,2014,15세이상인구,955.0
세종특별자치시,29,2014,15세이상인구,0.0
경기도,31,2014,15세이상인구,10179.0
강원도,32,2014,15세이상인구,1267.0
충청북도,33,2014,15세이상인구,1327.0
충청남도,34,2014,15세이상인구,1865.0
전라북도,35,2014,15세이상인구,1545.0
전라남도,36,2014,15세이상인구,1520.0
경상북도,37,2014,15세이상인구,2280.0
경상남도,38,2014,15세이상인구,2758.0
제주도,39,2014,15세이상인구,479.0
계,00,2014,경제활동인구,26836.0
서울특별시,11,2014,경제활동인구,5449.0
부산광역시,21,2014,경제활동인구,1760.0
대구광역시,22,2014,경제활동인구,1275.0
인천광역시,23,2014,경제활동인구,1544.0
광주광역시,24,2014,경제활동인구,753.0
대전광역시,25,2014,경제활동인구,788.0
울산광역시,26,2014,경제활동인구,572.0
세종특별자치시,29,2014,경제활동인구,0.0
경기도,31,2014,경제활동인구,6488.0
강원도,32,2014,경제활동인구,743.0
충청북도,33,2014,경제활동인구,848.0
충청남도,34,2014,경제활동인구,1203.0
전라북도,35,2014,경제활동인구,923.0
전라남도,36,2014,경제활동인구,973.0
경상북도,37,2014,경제활동인구,1485.0
경상남도,38,2014,경제활동인구,1702.0
제주도,39,2014,경제활동인구,329.0
계,00,2014,비경제활동인구,15959.0
서울특별시,11,2014,비경제활동인구,3163.0
부산광역시,21,2014,비경제활동인구,1225.0
대구광역시,22,2014,비경제활동인구,815.0
인천광역시,23,2014,비경제활동인구,858.0
광주광역시,24,2014,비경제활동인구,491.0
대전광역시,25,2014,비경제활동인구,500.0
울산광역시,26,2014,비경제활동인구,383.0
세종특별자치시,29,2014,비경제활동인구,0.0
경기도,31,2014,비경제활동인구,3692.0
강원도,32,2014,비경제활동인구,523.0
충청북도,33,2014,비경제활동인구,479.0
충청남도,34,2014,비경제활동인구,662.0
전라북도,35,2014,비경제활동인구,621.0
전라남도,36,2014,비경제활동인구,547.0
경상북도,37,2014,비경제활동인구,795.0
경상남도,38,2014,비경제활동인구,1055.0
제주도,39,2014,비경제활동인구,150.0
계,00,2014,경제활동참가율,62.7
서울특별시,11,2014,경제활동참가율,63.3
부산광역시,21,2014,경제활동참가율,59.0
대구광역시,22,2014,경제활동참가율,61.0
인천광역시,23,2014,경제활동참가율,64.3
광주광역시,24,2014,경제활동참가율,60.5
대전광역시,25,2014,경제활동참가율,61.2
울산광역시,26,2014,경제활동참가율,59.9
세종특별자치시,29,2014,경제활동참가율,0.0
경기도,31,2014,경제활동참가율,63.7
강원도,32,2014,경제활동참가율,58.7
충청북도,33,2014,경제활동참가율,63.9
충청남도,34,2014,경제활동참가율,64.5
전라북도,35,2014,경제활동참가율,59.8
전라남도,36,2014,경제활동참가율,64.0
경상북도,37,2014,경제활동참가율,65.1
경상남도,38,2014,경제활동참가율,61.7
제주도,39,2014,경제활동참가율,68.7
계,00,2014,실업률,3.5
서울특별시,11,2014,실업률,4.4
부산광역시,21,2014,실업률,3.8
대구광역시,22,2014,실업률,3.8
인천광역시,23,2014,실업률,4.7
광주광역시,24,2014,실업률,2.8
대전광역시,25,2014,실업률,3.4
울산광역시,26,2014,실업률,2.7
세종특별자치시,29,2014,실업률,0.0
경기도,31,2014,실업률,3.3
강원도,32,2014,실업률,3.1
충청북도,33,2014,실업률,3.0
충청남도,34,2014,실업률,3.3
전라북도,35,2014,실업률,2.5
전라남도,36,2014,실업률,2.9
경상북도,37,2014,실업률,2.9
경상남도,38,2014,실업률,2.5
제주도,39,2014,실업률,2.0
계,00,2014,고용률,60.5
서울특별시,11,2014,고용률,60.5
부산광역시,21,2014,고용률,56.7
대구광역시,22,2014,고용률,58.7
인천광역시,23,2014,고용률,61.3
광주광역시,24,2014,고용률,58.8
대전광역시,25,2014,고용률,59.1
울산광역시,26,2014,고용률,58.3
세종특별자치시,29,2014,고용률,0.0
경기도,31,2014,고용률,61.6
강원도,32,2014,고용률,56.9
충청북도,33,2014,고용률,62.0
충청남도,34,2014,고용률,62.4
전라북도,35,2014,고용률,58.3
전라남도,36,2014,고용률,62.2
경상북도,37,2014,고용률,63.2
경상남도,38,2014,고용률,60.2
제주도,39,2014,고용률,67.3
계,00,2014,15-64세 고용률,65.6
서울특별시,11,2014,15-64세 고용률,65.7
부산광역시,21,2014,15-64세 고용률,62.7
대구광역시,22,2014,15-64세 고용률,64.3
인천광역시,23,2014,15-64세 고용률,65.4
광주광역시,24,2014,15-64세 고용률,63.4
대전광역시,25,2014,15-64세 고용률,64.1
울산광역시,26,2014,15-64세 고용률,61.4
세종특별자치시,29,2014,15-64세 고용률,0.0
경기도,31,2014,15-64세 고용률,66.5
강원도,32,2014,15-64세 고용률,62.9
충청북도,33,2014,15-64세 고용률,67.5
충청남도,34,2014,15-64세 고용률,67.4
전라북도,35,2014,15-64세 고용률,63.5
전라남도,36,2014,15-64세 고용률,67.0
경상북도,37,2014,15-64세 고용률,68.2
경상남도,38,2014,15-64세 고용률,65.5
제주도,39,2014,15-64세 고용률,71.8
계,00,2013,15세이상인구,42304.0
서울특별시,11,2013,15세이상인구,8591.0
부산광역시,21,2013,15세이상인구,2976.0
대구광역시,22,2013,15세이상인구,2080.0
인천광역시,23,2013,15세이상인구,2363.0
광주광역시,24,2013,15세이상인구,1234.0
대전광역시,25,2013,15세이상인구,1277.0
울산광역시,26,2013,15세이상인구,938.0
세종특별자치시,29,2013,15세이상인구,0.0
경기도,31,2013,15세이상인구,9986.0
강원도,32,2013,15세이상인구,1254.0
충청북도,33,2013,15세이상인구,1308.0
충청남도,34,2013,15세이상인구,1821.0
전라북도,35,2013,15세이상인구,1528.0
전라남도,36,2013,15세이상인구,1504.0
경상북도,37,2013,15세이상인구,2260.0
경상남도,38,2013,15세이상인구,2719.0
제주도,39,2013,15세이상인구,465.0
계,00,2013,경제활동인구,26108.0
서울특별시,11,2013,경제활동인구,5355.0
부산광역시,21,2013,경제활동인구,1737.0
대구광역시,22,2013,경제활동인구,1246.0
인천광역시,23,2013,경제활동인구,1511.0
광주광역시,24,2013,경제활동인구,727.0
대전광역시,25,2013,경제활동인구,757.0
울산광역시,26,2013,경제활동인구,566.0
세종특별자치시,29,2013,경제활동인구,0.0
경기도,31,2013,경제활동인구,6200.0
강원도,32,2013,경제활동인구,723.0
충청북도,33,2013,경제활동인구,800.0
충청남도,34,2013,경제활동인구,1173.0
전라북도,35,2013,경제활동인구,913.0
전라남도,36,2013,경제활동인구,963.0
경상북도,37,2013,경제활동인구,1448.0
경상남도,38,2013,경제활동인구,1676.0
제주도,39,2013,경제활동인구,315.0
계,00,2013,비경제활동인구,16196.0
서울특별시,11,2013,비경제활동인구,3236.0
부산광역시,21,2013,비경제활동인구,1239.0
대구광역시,22,2013,비경제활동인구,834.0
인천광역시,23,2013,비경제활동인구,852.0
광주광역시,24,2013,비경제활동인구,508.0
대전광역시,25,2013,비경제활동인구,520.0
울산광역시,26,2013,비경제활동인구,372.0
세종특별자치시,29,2013,비경제활동인구,0.0
경기도,31,2013,비경제활동인구,3787.0
강원도,32,2013,비경제활동인구,532.0
충청북도,33,2013,비경제활동인구,507.0
충청남도,34,2013,비경제활동인구,647.0
전라북도,35,2013,비경제활동인구,615.0
전라남도,36,2013,비경제활동인구,542.0
경상북도,37,2013,비경제활동인구,812.0
경상남도,38,2013,비경제활동인구,1043.0
제주도,39,2013,비경제활동인구,150.0
계,00,2013,경제활동참가율,61.7
서울특별시,11,2013,경제활동참가율,62.3
부산광역시,21,2013,경제활동참가율,58.4
대구광역시,22,2013,경제활동참가율,59.9
인천광역시,23,2013,경제활동참가율,63.9
광주광역시,24,2013,경제활동참가율,58.9
대전광역시,25,2013,경제활동참가율,59.3
울산광역시,26,2013,경제활동참가율,60.3
세종특별자치시,29,2013,경제활동참가율,0.0
경기도,31,2013,경제활동참가율,62.1
강원도,32,2013,경제활동참가율,57.6
충청북도,33,2013,경제활동참가율,61.2
충청남도,34,2013,경제활동참가율,64.4
전라북도,35,2013,경제활동참가율,59.8
전라남도,36,2013,경제활동참가율,64.0
경상북도,37,2013,경제활동참가율,64.1
경상남도,38,2013,경제활동참가율,61.6
제주도,39,2013,경제활동참가율,67.7
계,00,2013,실업률,3.1
서울특별시,11,2013,실업률,3.9
부산광역시,21,2013,실업률,3.8
대구광역시,22,2013,실업률,3.3
인천광역시,23,2013,실업률,4.1
광주광역시,24,2013,실업률,2.8
대전광역시,25,2013,실업률,3.0
울산광역시,26,2013,실업률,2.1
세종특별자치시,29,2013,실업률,0.0
경기도,31,2013,실업률,3.0
강원도,32,2013,실업률,2.3
충청북도,33,2013,실업률,2.0
충청남도,34,2013,실업률,2.8
전라북도,35,2013,실업률,2.0
전라남도,36,2013,실업률,2.1
경상북도,37,2013,실업률,3.1
경상남도,38,2013,실업률,2.1
제주도,39,2013,실업률,1.8
계,00,2013,고용률,59.8
서울특별시,11,2013,고용률,59.9
부산광역시,21,2013,고용률,56.1
대구광역시,22,2013,고용률,57.9
인천광역시,23,2013,고용률,61.3
광주광역시,24,2013,고용률,57.2
대전광역시,25,2013,고용률,57.5
울산광역시,26,2013,고용률,59.0
세종특별자치시,29,2013,고용률,0.0
경기도,31,2013,고용률,60.2
강원도,32,2013,고용률,56.3
충청북도,33,2013,고용률,60.0
충청남도,34,2013,고용률,62.7
전라북도,35,2013,고용률,58.6
전라남도,36,2013,고용률,62.6
경상북도,37,2013,고용률,62.1
경상남도,38,2013,고용률,60.3
제주도,39,2013,고용률,66.4
계,00,2013,15-64세 고용률,64.6
서울특별시,11,2013,15-64세 고용률,65.0
부산광역시,21,2013,15-64세 고용률,61.8
대구광역시,22,2013,15-64세 고용률,63.2
인천광역시,23,2013,15-64세 고용률,65.3
광주광역시,24,2013,15-64세 고용률,61.6
대전광역시,25,2013,15-64세 고용률,62.0
울산광역시,26,2013,15-64세 고용률,62.1
세종특별자치시,29,2013,15-64세 고용률,0.0
경기도,31,2013,15-64세 고용률,64.8
강원도,32,2013,15-64세 고용률,62.6
충청북도,33,2013,15-64세 고용률,65.2
충청남도,34,2013,15-64세 고용률,67.4
전라북도,35,2013,15-64세 고용률,63.9
전라남도,36,2013,15-64세 고용률,67.5
경상북도,37,2013,15-64세 고용률,66.6
경상남도,38,2013,15-64세 고용률,65.2
제주도,39,2013,15-64세 고용률,70.7
계,00,2012,15세이상인구,41857.0
서울특별시,11,2012,15세이상인구,8586.0
부산광역시,21,2012,15세이상인구,2969.0
대구광역시,22,2012,15세이상인구,2070.0
인천광역시,23,2012,15세이상인구,2320.0
광주광역시,24,2012,15세이상인구,1225.0
대전광역시,25,2012,15세이상인구,1264.0
울산광역시,26,2012,15세이상인구,920.0
세종특별자치시,29,2012,15세이상인구,0.0
경기도,31,2012,15세이상인구,9795.0
강원도,32,2012,15세이상인구,1243.0
충청북도,33,2012,15세이상인구,1292.0
충청남도,34,2012,15세이상인구,1780.0
전라북도,35,2012,15세이상인구,1514.0
전라남도,36,2012,15세이상인구,1492.0
경상북도,37,2012,15세이상인구,2243.0
경상남도,38,2012,15세이상인구,2689.0
제주도,39,2012,15세이상인구,454.0
계,00,2012,경제활동인구,25781.0
서울특별시,11,2012,경제활동인구,5371.0
부산광역시,21,2012,경제활동인구,1727.0
대구광역시,22,2012,경제활동인구,1250.0
인천광역시,23,2012,경제활동인구,1496.0
광주광역시,24,2012,경제활동인구,710.0
대전광역시,25,2012,경제활동인구,751.0
울산광역시,26,2012,경제활동인구,564.0
세종특별자치시,29,2012,경제활동인구,0.0
경기도,31,2012,경제활동인구,6055.0
강원도,32,2012,경제활동인구,725.0
충청북도,33,2012,경제활동인구,776.0
충청남도,34,2012,경제활동인구,1121.0
전라북도,35,2012,경제활동인구,889.0
전라남도,36,2012,경제활동인구,959.0
경상북도,37,2012,경제활동인구,1432.0
경상남도,38,2012,경제활동인구,1649.0
제주도,39,2012,경제활동인구,307.0
계,00,2012,비경제활동인구,16076.0
서울특별시,11,2012,비경제활동인구,3215.0
부산광역시,21,2012,비경제활동인구,1242.0
대구광역시,22,2012,비경제활동인구,821.0
인천광역시,23,2012,비경제활동인구,824.0
광주광역시,24,2012,비경제활동인구,515.0
대전광역시,25,2012,비경제활동인구,512.0
울산광역시,26,2012,비경제활동인구,356.0
세종특별자치시,29,2012,비경제활동인구,0.0
경기도,31,2012,비경제활동인구,3740.0
강원도,32,2012,비경제활동인구,518.0
충청북도,33,2012,비경제활동인구,517.0
충청남도,34,2012,비경제활동인구,660.0
전라북도,35,2012,비경제활동인구,625.0
전라남도,36,2012,비경제활동인구,534.0
경상북도,37,2012,비경제활동인구,811.0
경상남도,38,2012,비경제활동인구,1040.0
제주도,39,2012,비경제활동인구,147.0
계,00,2012,경제활동참가율,61.6
서울특별시,11,2012,경제활동참가율,62.6
부산광역시,21,2012,경제활동참가율,58.2
대구광역시,22,2012,경제활동참가율,60.4
인천광역시,23,2012,경제활동참가율,64.5
광주광역시,24,2012,경제활동참가율,57.9
대전광역시,25,2012,경제활동참가율,59.5
울산광역시,26,2012,경제활동참가율,61.3
세종특별자치시,29,2012,경제활동참가율,0.0
경기도,31,2012,경제활동참가율,61.8
강원도,32,2012,경제활동참가율,58.3
충청북도,33,2012,경제활동참가율,60.0
충청남도,34,2012,경제활동참가율,63.0
전라북도,35,2012,경제활동참가율,58.7
전라남도,36,2012,경제활동참가율,64.2
경상북도,37,2012,경제활동참가율,63.8
경상남도,38,2012,경제활동참가율,61.3
제주도,39,2012,경제활동참가율,67.7
계,00,2012,실업률,3.2
서울특별시,11,2012,실업률,4.2
부산광역시,21,2012,실업률,3.9
대구광역시,22,2012,실업률,3.3
인천광역시,23,2012,실업률,4.5
광주광역시,24,2012,실업률,2.7
대전광역시,25,2012,실업률,3.7
울산광역시,26,2012,실업률,2.6
세종특별자치시,29,2012,실업률,0.0
경기도,31,2012,실업률,3.3
강원도,32,2012,실업률,2.5
충청북도,33,2012,실업률,2.0
충청남도,34,2012,실업률,2.3
전라북도,35,2012,실업률,2.0
전라남도,36,2012,실업률,1.6
경상북도,37,2012,실업률,2.5
경상남도,38,2012,실업률,1.8
제주도,39,2012,실업률,1.5
계,00,2012,고용률,59.6
서울특별시,11,2012,고용률,59.9
부산광역시,21,2012,고용률,55.9
대구광역시,22,2012,고용률,58.4
인천광역시,23,2012,고용률,61.6
광주광역시,24,2012,고용률,56.4
대전광역시,25,2012,고용률,57.3
울산광역시,26,2012,고용률,59.8
세종특별자치시,29,2012,고용률,0.0
경기도,31,2012,고용률,59.8
강원도,32,2012,고용률,56.9
충청북도,33,2012,고용률,58.8
충청남도,34,2012,고용률,61.5
전라북도,35,2012,고용률,57.5
전라남도,36,2012,고용률,63.2
경상북도,37,2012,고용률,62.2
경상남도,38,2012,고용률,60.2
제주도,39,2012,고용률,66.7
계,00,2012,15-64세 고용률,64.3
서울특별시,11,2012,15-64세 고용률,64.7
부산광역시,21,2012,15-64세 고용률,61.7
대구광역시,22,2012,15-64세 고용률,63.3
인천광역시,23,2012,15-64세 고용률,65.7
광주광역시,24,2012,15-64세 고용률,60.8
대전광역시,25,2012,15-64세 고용률,61.6
울산광역시,26,2012,15-64세 고용률,63.1
세종특별자치시,29,2012,15-64세 고용률,0.0
경기도,31,2012,15-64세 고용률,64.4
강원도,32,2012,15-64세 고용률,62.8
충청북도,33,2012,15-64세 고용률,63.7
충청남도,34,2012,15-64세 고용률,66.5
전라북도,35,2012,15-64세 고용률,62.5
전라남도,36,2012,15-64세 고용률,68.0
경상북도,37,2012,15-64세 고용률,66.7
경상남도,38,2012,15-64세 고용률,64.7
제주도,39,2012,15-64세 고용률,71.2
계,00,2011,15세이상인구,41387.0
서울특별시,11,2011,15세이상인구,8576.0
부산광역시,21,2011,15세이상인구,2964.0
대구광역시,22,2011,15세이상인구,2059.0
인천광역시,23,2011,15세이상인구,2276.0
광주광역시,24,2011,15세이상인구,1213.0
대전광역시,25,2011,15세이상인구,1247.0
울산광역시,26,2011,15세이상인구,902.0
세종특별자치시,29,2011,15세이상인구,0.0
경기도,31,2011,15세이상인구,9602.0
강원도,32,2011,15세이상인구,1230.0
충청북도,33,2011,15세이상인구,1275.0
충청남도,34,2011,15세이상인구,1743.0
전라북도,35,2011,15세이상인구,1497.0
전라남도,36,2011,15세이상인구,1481.0
경상북도,37,2011,15세이상인구,2222.0
경상남도,38,2011,15세이상인구,2656.0
제주도,39,2011,15세이상인구,445.0
계,00,2011,경제활동인구,25389.0
서울특별시,11,2011,경제활동인구,5395.0
부산광역시,21,2011,경제활동인구,1676.0
대구광역시,22,2011,경제활동인구,1215.0
인천광역시,23,2011,경제활동인구,1449.0
광주광역시,24,2011,경제활동인구,709.0
대전광역시,25,2011,경제활동인구,736.0
울산광역시,26,2011,경제활동인구,555.0
세종특별자치시,29,2011,경제활동인구,0.0
경기도,31,2011,경제활동인구,5901.0
강원도,32,2011,경제활동인구,707.0
충청북도,33,2011,경제활동인구,778.0
충청남도,34,2011,경제활동인구,1089.0
전라북도,35,2011,경제활동인구,882.0
전라남도,36,2011,경제활동인구,941.0
경상북도,37,2011,경제활동인구,1411.0
경상남도,38,2011,경제활동인구,1649.0
제주도,39,2011,경제활동인구,299.0
계,00,2011,비경제활동인구,15998.0
서울특별시,11,2011,비경제활동인구,3182.0
부산광역시,21,2011,비경제활동인구,1288.0
대구광역시,22,2011,비경제활동인구,844.0
인천광역시,23,2011,비경제활동인구,827.0
광주광역시,24,2011,비경제활동인구,505.0
대전광역시,25,2011,비경제활동인구,511.0
울산광역시,26,2011,비경제활동인구,348.0
세종특별자치시,29,2011,비경제활동인구,0.0
경기도,31,2011,비경제활동인구,3701.0
강원도,32,2011,비경제활동인구,523.0
충청북도,33,2011,비경제활동인구,497.0
충청남도,34,2011,비경제활동인구,655.0
전라북도,35,2011,비경제활동인구,615.0
전라남도,36,2011,비경제활동인구,540.0
경상북도,37,2011,비경제활동인구,811.0
경상남도,38,2011,비경제활동인구,1007.0
제주도,39,2011,비경제활동인구,146.0
계,00,2011,경제활동참가율,61.3
서울특별시,11,2011,경제활동참가율,62.9
부산광역시,21,2011,경제활동참가율,56.6
대구광역시,22,2011,경제활동참가율,59.0
인천광역시,23,2011,경제활동참가율,63.7
광주광역시,24,2011,경제활동참가율,58.4
대전광역시,25,2011,경제활동참가율,59.0
울산광역시,26,2011,경제활동참가율,61.4
세종특별자치시,29,2011,경제활동참가율,0.0
경기도,31,2011,경제활동참가율,61.5
강원도,32,2011,경제활동참가율,57.5
충청북도,33,2011,경제활동참가율,61.0
충청남도,34,2011,경제활동참가율,62.4
전라북도,35,2011,경제활동참가율,58.9
전라남도,36,2011,경제활동참가율,63.5
경상북도,37,2011,경제활동참가율,63.5
경상남도,38,2011,경제활동참가율,62.1
제주도,39,2011,경제활동참가율,67.1
계,00,2011,실업률,3.4
서울특별시,11,2011,실업률,4.5
부산광역시,21,2011,실업률,3.6
대구광역시,22,2011,실업률,3.7
인천광역시,23,2011,실업률,4.7
광주광역시,24,2011,실업률,3.1
대전광역시,25,2011,실업률,3.6
울산광역시,26,2011,실업률,2.7
세종특별자치시,29,2011,실업률,0.0
경기도,31,2011,실업률,3.4
강원도,32,2011,실업률,2.2
충청북도,33,2011,실업률,2.4
충청남도,34,2011,실업률,2.4
전라북도,35,2011,실업률,2.3
전라남도,36,2011,실업률,2.0
경상북도,37,2011,실업률,2.6
경상남도,38,2011,실업률,2.2
제주도,39,2011,실업률,1.7
계,00,2011,고용률,59.3
서울특별시,11,2011,고용률,60.0
부산광역시,21,2011,고용률,54.5
대구광역시,22,2011,고용률,56.8
인천광역시,23,2011,고용률,60.7
광주광역시,24,2011,고용률,56.6
대전광역시,25,2011,고용률,56.9
울산광역시,26,2011,고용률,59.8
세종특별자치시,29,2011,고용률,0.0
경기도,31,2011,고용률,59.3
강원도,32,2011,고용률,56.2
충청북도,33,2011,고용률,59.5
충청남도,34,2011,고용률,61.0
전라북도,35,2011,고용률,57.6
전라남도,36,2011,고용률,62.3
경상북도,37,2011,고용률,61.9
경상남도,38,2011,고용률,60.7
제주도,39,2011,고용률,66.0
계,00,2011,15-64세 고용률,63.9
서울특별시,11,2011,15-64세 고용률,64.7
부산광역시,21,2011,15-64세 고용률,60.2
대구광역시,22,2011,15-64세 고용률,61.5
인천광역시,23,2011,15-64세 고용률,65.0
광주광역시,24,2011,15-64세 고용률,60.7
대전광역시,25,2011,15-64세 고용률,61.1
울산광역시,26,2011,15-64세 고용률,63.1
세종특별자치시,29,2011,15-64세 고용률,0.0
경기도,31,2011,15-64세 고용률,63.9
강원도,32,2011,15-64세 고용률,62.0
충청북도,33,2011,15-64세 고용률,64.6
충청남도,34,2011,15-64세 고용률,66.5
전라북도,35,2011,15-64세 고용률,62.2
전라남도,36,2011,15-64세 고용률,67.2
경상북도,37,2011,15-64세 고용률,65.9
경상남도,38,2011,15-64세 고용률,65.2
제주도,39,2011,15-64세 고용률,70.6
계,00,2010,15세이상인구,40825.0
서울특별시,11,2010,15세이상인구,8542.0
부산광역시,21,2010,15세이상인구,2945.0
대구광역시,22,2010,15세이상인구,2041.0
인천광역시,23,2010,15세이상인구,2233.0
광주광역시,24,2010,15세이상인구,1195.0
대전광역시,25,2010,15세이상인구,1230.0
울산광역시,26,2010,15세이상인구,886.0
세종특별자치시,29,2010,15세이상인구,0.0
경기도,31,2010,15세이상인구,9383.0
강원도,32,2010,15세이상인구,1220.0
충청북도,33,2010,15세이상인구,1250.0
충청남도,34,2010,15세이상인구,1709.0
전라북도,35,2010,15세이상인구,1473.0
전라남도,36,2010,15세이상인구,1465.0
경상북도,37,2010,15세이상인구,2199.0
경상남도,38,2010,15세이상인구,2619.0
제주도,39,2010,15세이상인구,436.0
계,00,2010,경제활동인구,24956.0
서울특별시,11,2010,경제활동인구,5308.0
부산광역시,21,2010,경제활동인구,1659.0
대구광역시,22,2010,경제활동인구,1212.0
인천광역시,23,2010,경제활동인구,1402.0
광주광역시,24,2010,경제활동인구,705.0
대전광역시,25,2010,경제활동인구,721.0
울산광역시,26,2010,경제활동인구,542.0
세종특별자치시,29,2010,경제활동인구,0.0
경기도,31,2010,경제활동인구,5786.0
강원도,32,2010,경제활동인구,701.0
충청북도,33,2010,경제활동인구,760.0
충청남도,34,2010,경제활동인구,1061.0
전라북도,35,2010,경제활동인구,859.0
전라남도,36,2010,경제활동인구,932.0
경상북도,37,2010,경제활동인구,1410.0
경상남도,38,2010,경제활동인구,1609.0
제주도,39,2010,경제활동인구,289.0
계,00,2010,비경제활동인구,15868.0
서울특별시,11,2010,비경제활동인구,3233.0
부산광역시,21,2010,비경제활동인구,1286.0
대구광역시,22,2010,비경제활동인구,828.0
인천광역시,23,2010,비경제활동인구,831.0
광주광역시,24,2010,비경제활동인구,490.0
대전광역시,25,2010,비경제활동인구,510.0
울산광역시,26,2010,비경제활동인구,344.0
세종특별자치시,29,2010,비경제활동인구,0.0
경기도,31,2010,비경제활동인구,3597.0
강원도,32,2010,비경제활동인구,519.0
충청북도,33,2010,비경제활동인구,490.0
충청남도,34,2010,비경제활동인구,648.0
전라북도,35,2010,비경제활동인구,615.0
전라남도,36,2010,비경제활동인구,533.0
경상북도,37,2010,비경제활동인구,789.0
경상남도,38,2010,비경제활동인구,1011.0
제주도,39,2010,비경제활동인구,147.0
계,00,2010,경제활동참가율,61.1
서울특별시,11,2010,경제활동참가율,62.1
부산광역시,21,2010,경제활동참가율,56.3
대구광역시,22,2010,경제활동참가율,59.4
인천광역시,23,2010,경제활동참가율,62.8
광주광역시,24,2010,경제활동참가율,59.0
대전광역시,25,2010,경제활동참가율,58.6
울산광역시,26,2010,경제활동참가율,61.2
세종특별자치시,29,2010,경제활동참가율,0.0
경기도,31,2010,경제활동참가율,61.7
강원도,32,2010,경제활동참가율,57.5
충청북도,33,2010,경제활동참가율,60.8
충청남도,34,2010,경제활동참가율,62.1
전라북도,35,2010,경제활동참가율,58.3
전라남도,36,2010,경제활동참가율,63.6
경상북도,37,2010,경제활동참가율,64.1
경상남도,38,2010,경제활동참가율,61.4
제주도,39,2010,경제활동참가율,66.3
계,00,2010,실업률,3.7
서울특별시,11,2010,실업률,4.7
부산광역시,21,2010,실업률,3.6
대구광역시,22,2010,실업률,4.0
인천광역시,23,2010,실업률,5.0
광주광역시,24,2010,실업률,3.5
대전광역시,25,2010,실업률,3.7
울산광역시,26,2010,실업률,3.5
세종특별자치시,29,2010,실업률,0.0
경기도,31,2010,실업률,4.0
강원도,32,2010,실업률,2.6
충청북도,33,2010,실업률,2.2
충청남도,34,2010,실업률,3.0
전라북도,35,2010,실업률,2.2
전라남도,36,2010,실업률,2.1
경상북도,37,2010,실업률,2.8
경상남도,38,2010,실업률,2.8
제주도,39,2010,실업률,1.8
계,00,2010,고용률,58.9
서울특별시,11,2010,고용률,59.2
부산광역시,21,2010,고용률,54.3
대구광역시,22,2010,고용률,57.0
인천광역시,23,2010,고용률,59.6
광주광역시,24,2010,고용률,56.9
대전광역시,25,2010,고용률,56.4
울산광역시,26,2010,고용률,59.1
세종특별자치시,29,2010,고용률,0.0
경기도,31,2010,고용률,59.2
강원도,32,2010,고용률,56.0
충청북도,33,2010,고용률,59.5
충청남도,34,2010,고용률,60.2
전라북도,35,2010,고용률,57.0
전라남도,36,2010,고용률,62.3
경상북도,37,2010,고용률,62.3
경상남도,38,2010,고용률,59.7
제주도,39,2010,고용률,65.2
계,00,2010,15-64세 고용률,63.4
서울특별시,11,2010,15-64세 고용률,63.6
부산광역시,21,2010,15-64세 고용률,59.7
대구광역시,22,2010,15-64세 고용률,61.8
인천광역시,23,2010,15-64세 고용률,63.8
광주광역시,24,2010,15-64세 고용률,61.0
대전광역시,25,2010,15-64세 고용률,60.7
울산광역시,26,2010,15-64세 고용률,62.0
세종특별자치시,29,2010,15-64세 고용률,0.0
경기도,31,2010,15-64세 고용률,63.7
강원도,32,2010,15-64세 고용률,61.5
충청북도,33,2010,15-64세 고용률,64.8
충청남도,34,2010,15-64세 고용률,66.0
전라북도,35,2010,15-64세 고용률,61.6
전라남도,36,2010,15-64세 고용률,67.2
경상북도,37,2010,15-64세 고용률,66.2
경상남도,38,2010,15-64세 고용률,64.0
제주도,39,2010,15-64세 고용률,69.0
계,00,2009,15세이상인구,40301.0
서울특별시,11,2009,15세이상인구,8520.0
부산광역시,21,2009,15세이상인구,2940.0
대구광역시,22,2009,15세이상인구,2026.0
인천광역시,23,2009,15세이상인구,2195.0
광주광역시,24,2009,15세이상인구,1174.0
대전광역시,25,2009,15세이상인구,1214.0
울산광역시,26,2009,15세이상인구,874.0
세종특별자치시,29,2009,15세이상인구,0.0
경기도,31,2009,15세이상인구,9143.0
강원도,32,2009,15세이상인구,1208.0
충청북도,33,2009,15세이상인구,1233.0
충청남도,34,2009,15세이상인구,1668.0
전라북도,35,2009,15세이상인구,1457.0
전라남도,36,2009,15세이상인구,1458.0
경상북도,37,2009,15세이상인구,2183.0
경상남도,38,2009,15세이상인구,2578.0
제주도,39,2009,15세이상인구,430.0
계,00,2009,경제활동인구,24582.0
서울특별시,11,2009,경제활동인구,5218.0
부산광역시,21,2009,경제활동인구,1665.0
대구광역시,22,2009,경제활동인구,1194.0
인천광역시,23,2009,경제활동인구,1362.0
광주광역시,24,2009,경제활동인구,688.0
대전광역시,25,2009,경제활동인구,714.0
울산광역시,26,2009,경제활동인구,536.0
세종특별자치시,29,2009,경제활동인구,0.0
경기도,31,2009,경제활동인구,5621.0
강원도,32,2009,경제활동인구,710.0
충청북도,33,2009,경제활동인구,745.0
충청남도,34,2009,경제활동인구,1037.0
전라북도,35,2009,경제활동인구,860.0
전라남도,36,2009,경제활동인구,949.0
경상북도,37,2009,경제활동인구,1391.0
경상남도,38,2009,경제활동인구,1599.0
제주도,39,2009,경제활동인구,293.0
계,00,2009,비경제활동인구,15719.0
서울특별시,11,2009,비경제활동인구,3302.0
부산광역시,21,2009,비경제활동인구,1275.0
대구광역시,22,2009,비경제활동인구,832.0
인천광역시,23,2009,비경제활동인구,834.0
광주광역시,24,2009,비경제활동인구,486.0
대전광역시,25,2009,비경제활동인구,499.0
울산광역시,26,2009,비경제활동인구,339.0
세종특별자치시,29,2009,비경제활동인구,0.0
경기도,31,2009,비경제활동인구,3522.0
강원도,32,2009,비경제활동인구,498.0
충청북도,33,2009,비경제활동인구,488.0
충청남도,34,2009,비경제활동인구,631.0
전라북도,35,2009,비경제활동인구,597.0
전라남도,36,2009,비경제활동인구,509.0
경상북도,37,2009,비경제활동인구,792.0
경상남도,38,2009,비경제활동인구,979.0
제주도,39,2009,비경제활동인구,137.0
계,00,2009,경제활동참가율,61.0
서울특별시,11,2009,경제활동참가율,61.2
부산광역시,21,2009,경제활동참가율,56.6
대구광역시,22,2009,경제활동참가율,58.9
인천광역시,23,2009,경제활동참가율,62.0
광주광역시,24,2009,경제활동참가율,58.6
대전광역시,25,2009,경제활동참가율,58.9
울산광역시,26,2009,경제활동참가율,61.2
세종특별자치시,29,2009,경제활동참가율,0.0
경기도,31,2009,경제활동참가율,61.5
강원도,32,2009,경제활동참가율,58.8
충청북도,33,2009,경제활동참가율,60.4
충청남도,34,2009,경제활동참가율,62.2
전라북도,35,2009,경제활동참가율,59.0
전라남도,36,2009,경제활동참가율,65.1
경상북도,37,2009,경제활동참가율,63.7
경상남도,38,2009,경제활동참가율,62.0
제주도,39,2009,경제활동참가율,68.2
계,00,2009,실업률,3.6
서울특별시,11,2009,실업률,4.5
부산광역시,21,2009,실업률,4.3
대구광역시,22,2009,실업률,4.3
인천광역시,23,2009,실업률,4.5
광주광역시,24,2009,실업률,3.8
대전광역시,25,2009,실업률,3.7
울산광역시,26,2009,실업률,4.1
세종특별자치시,29,2009,실업률,0.0
경기도,31,2009,실업률,3.8
강원도,32,2009,실업률,2.1
충청북도,33,2009,실업률,2.1
충청남도,34,2009,실업률,3.1
전라북도,35,2009,실업률,2.0
전라남도,36,2009,실업률,1.6
경상북도,37,2009,실업률,2.7
경상남도,38,2009,실업률,3.1
제주도,39,2009,실업률,1.6
계,00,2009,고용률,58.8
서울특별시,11,2009,고용률,58.5
부산광역시,21,2009,고용률,54.2
대구광역시,22,2009,고용률,56.4
인천광역시,23,2009,고용률,59.2
광주광역시,24,2009,고용률,56.4
대전광역시,25,2009,고용률,56.7
울산광역시,26,2009,고용률,58.7
세종특별자치시,29,2009,고용률,0.0
경기도,31,2009,고용률,59.2
강원도,32,2009,고용률,57.5
충청북도,33,2009,고용률,59.1
충청남도,34,2009,고용률,60.2
전라북도,35,2009,고용률,57.8
전라남도,36,2009,고용률,64.1
경상북도,37,2009,고용률,62.0
경상남도,38,2009,고용률,60.1
제주도,39,2009,고용률,67.1
계,00,2009,15-64세 고용률,63.0
서울특별시,11,2009,15-64세 고용률,62.7
부산광역시,21,2009,15-64세 고용률,59.3
대구광역시,22,2009,15-64세 고용률,61.1
인천광역시,23,2009,15-64세 고용률,63.2
광주광역시,24,2009,15-64세 고용률,60.6
대전광역시,25,2009,15-64세 고용률,60.8
울산광역시,26,2009,15-64세 고용률,61.4
세종특별자치시,29,2009,15-64세 고용률,0.0
경기도,31,2009,15-64세 고용률,63.4
강원도,32,2009,15-64세 고용률,62.9
충청북도,33,2009,15-64세 고용률,64.4
충청남도,34,2009,15-64세 고용률,65.0
전라북도,35,2009,15-64세 고용률,62.3
전라남도,36,2009,15-64세 고용률,67.5
경상북도,37,2009,15-64세 고용률,65.9
경상남도,38,2009,15-64세 고용률,64.1
제주도,39,2009,15-64세 고용률,70.6
계,00,2008,15세이상인구,39775.0
서울특별시,11,2008,15세이상인구,8451.0
부산광역시,21,2008,15세이상인구,2934.0
대구광역시,22,2008,15세이상인구,2010.0
인천광역시,23,2008,15세이상인구,2162.0
광주광역시,24,2008,15세이상인구,1153.0
대전광역시,25,2008,15세이상인구,1198.0
울산광역시,26,2008,15세이상인구,860.0
세종특별자치시,29,2008,15세이상인구,0.0
경기도,31,2008,15세이상인구,8934.0
강원도,32,2008,15세이상인구,1195.0
충청북도,33,2008,15세이상인구,1217.0
충청남도,34,2008,15세이상인구,1632.0
전라북도,35,2008,15세이상인구,1443.0
전라남도,36,2008,15세이상인구,1455.0
경상북도,37,2008,15세이상인구,2171.0
경상남도,38,2008,15세이상인구,2536.0
제주도,39,2008,15세이상인구,425.0
계,00,2008,경제활동인구,24551.0
서울특별시,11,2008,경제활동인구,5284.0
부산광역시,21,2008,경제활동인구,1687.0
대구광역시,22,2008,경제활동인구,1178.0
인천광역시,23,2008,경제활동인구,1334.0
광주광역시,24,2008,경제활동인구,676.0
대전광역시,25,2008,경제활동인구,711.0
울산광역시,26,2008,경제활동인구,537.0
세종특별자치시,29,2008,경제활동인구,0.0
경기도,31,2008,경제활동인구,5585.0
강원도,32,2008,경제활동인구,701.0
충청북도,33,2008,경제활동인구,735.0
충청남도,34,2008,경제활동인구,1039.0
전라북도,35,2008,경제활동인구,863.0
전라남도,36,2008,경제활동인구,947.0
경상북도,37,2008,경제활동인구,1390.0
경상남도,38,2008,경제활동인구,1592.0
제주도,39,2008,경제활동인구,294.0
계,00,2008,비경제활동인구,15225.0
서울특별시,11,2008,비경제활동인구,3167.0
부산광역시,21,2008,비경제활동인구,1247.0
대구광역시,22,2008,비경제활동인구,832.0
인천광역시,23,2008,비경제활동인구,828.0
광주광역시,24,2008,비경제활동인구,477.0
대전광역시,25,2008,비경제활동인구,487.0
울산광역시,26,2008,비경제활동인구,324.0
세종특별자치시,29,2008,비경제활동인구,0.0
경기도,31,2008,비경제활동인구,3349.0
강원도,32,2008,비경제활동인구,494.0
충청북도,33,2008,비경제활동인구,482.0
충청남도,34,2008,비경제활동인구,593.0
전라북도,35,2008,비경제활동인구,581.0
전라남도,36,2008,비경제활동인구,508.0
경상북도,37,2008,비경제활동인구,782.0
경상남도,38,2008,비경제활동인구,944.0
제주도,39,2008,비경제활동인구,131.0
계,00,2008,경제활동참가율,61.7
서울특별시,11,2008,경제활동참가율,62.5
부산광역시,21,2008,경제활동참가율,57.5
대구광역시,22,2008,경제활동참가율,58.6
인천광역시,23,2008,경제활동참가율,61.7
광주광역시,24,2008,경제활동참가율,58.6
대전광역시,25,2008,경제활동참가율,59.4
울산광역시,26,2008,경제활동참가율,62.4
세종특별자치시,29,2008,경제활동참가율,0.0
경기도,31,2008,경제활동참가율,62.5
강원도,32,2008,경제활동참가율,58.6
충청북도,33,2008,경제활동참가율,60.4
충청남도,34,2008,경제활동참가율,63.6
전라북도,35,2008,경제활동참가율,59.8
전라남도,36,2008,경제활동참가율,65.1
경상북도,37,2008,경제활동참가율,64.0
경상남도,38,2008,경제활동참가율,62.8
제주도,39,2008,경제활동참가율,69.2
계,00,2008,실업률,3.2
서울특별시,11,2008,실업률,3.9
부산광역시,21,2008,실업률,3.8
대구광역시,22,2008,실업률,3.7
인천광역시,23,2008,실업률,3.9
광주광역시,24,2008,실업률,3.8
대전광역시,25,2008,실업률,3.7
울산광역시,26,2008,실업률,3.4
세종특별자치시,29,2008,실업률,0.0
경기도,31,2008,실업률,3.2
강원도,32,2008,실업률,1.7
충청북도,33,2008,실업률,2.2
충청남도,34,2008,실업률,2.5
전라북도,35,2008,실업률,2.2
전라남도,36,2008,실업률,2.0
경상북도,37,2008,실업률,2.1
경상남도,38,2008,실업률,2.2
제주도,39,2008,실업률,1.8
계,00,2008,고용률,59.8
서울특별시,11,2008,고용률,60.1
부산광역시,21,2008,고용률,55.3
대구광역시,22,2008,고용률,56.5
인천광역시,23,2008,고용률,59.3
광주광역시,24,2008,고용률,56.4
대전광역시,25,2008,고용률,57.2
울산광역시,26,2008,고용률,60.3
세종특별자치시,29,2008,고용률,0.0
경기도,31,2008,고용률,60.5
강원도,32,2008,고용률,57.6
충청북도,33,2008,고용률,59.1
충청남도,34,2008,고용률,62.1
전라북도,35,2008,고용률,58.4
전라남도,36,2008,고용률,63.8
경상북도,37,2008,고용률,62.7
경상남도,38,2008,고용률,61.4
제주도,39,2008,고용률,68.0
계,00,2008,15-64세 고용률,64.0
서울특별시,11,2008,15-64세 고용률,64.3
부산광역시,21,2008,15-64세 고용률,60.3
대구광역시,22,2008,15-64세 고용률,61.3
인천광역시,23,2008,15-64세 고용률,63.2
광주광역시,24,2008,15-64세 고용률,60.6
대전광역시,25,2008,15-64세 고용률,61.4
울산광역시,26,2008,15-64세 고용률,62.8
세종특별자치시,29,2008,15-64세 고용률,0.0
경기도,31,2008,15-64세 고용률,64.6
강원도,32,2008,15-64세 고용률,62.7
충청북도,33,2008,15-64세 고용률,64.3
충청남도,34,2008,15-64세 고용률,66.2
전라북도,35,2008,15-64세 고용률,62.7
전라남도,36,2008,15-64세 고용률,67.6
경상북도,37,2008,15-64세 고용률,66.9
경상남도,38,2008,15-64세 고용률,65.2
제주도,39,2008,15-64세 고용률,71.8
계,00,2007,15세이상인구,39180.0
서울특별시,11,2007,15세이상인구,8362.0
부산광역시,21,2007,15세이상인구,2931.0
대구광역시,22,2007,15세이상인구,1996.0
인천광역시,23,2007,15세이상인구,2109.0
광주광역시,24,2007,15세이상인구,1135.0
대전광역시,25,2007,15세이상인구,1182.0
울산광역시,26,2007,15세이상인구,843.0
세종특별자치시,29,2007,15세이상인구,0.0
경기도,31,2007,15세이상인구,8687.0
강원도,32,2007,15세이상인구,1184.0
충청북도,33,2007,15세이상인구,1196.0
충청남도,34,2007,15세이상인구,1590.0
전라북도,35,2007,15세이상인구,1435.0
전라남도,36,2007,15세이상인구,1456.0
경상북도,37,2007,15세이상인구,2160.0
경상남도,38,2007,15세이상인구,2494.0
제주도,39,2007,15세이상인구,421.0
계,00,2007,경제활동인구,24351.0
서울특별시,11,2007,경제활동인구,5299.0
부산광역시,21,2007,경제활동인구,1713.0
대구광역시,22,2007,경제활동인구,1186.0
인천광역시,23,2007,경제활동인구,1318.0
광주광역시,24,2007,경제활동인구,670.0
대전광역시,25,2007,경제활동인구,699.0
울산광역시,26,2007,경제활동인구,515.0
세종특별자치시,29,2007,경제활동인구,0.0
경기도,31,2007,경제활동인구,5434.0
강원도,32,2007,경제활동인구,695.0
충청북도,33,2007,경제활동인구,718.0
충청남도,34,2007,경제활동인구,1051.0
전라북도,35,2007,경제활동인구,862.0
전라남도,36,2007,경제활동인구,948.0
경상북도,37,2007,경제활동인구,1388.0
경상남도,38,2007,경제활동인구,1561.0
제주도,39,2007,경제활동인구,293.0
계,00,2007,비경제활동인구,14829.0
서울특별시,11,2007,비경제활동인구,3063.0
부산광역시,21,2007,비경제활동인구,1218.0
대구광역시,22,2007,비경제활동인구,810.0
인천광역시,23,2007,비경제활동인구,791.0
광주광역시,24,2007,비경제활동인구,465.0
대전광역시,25,2007,비경제활동인구,483.0
울산광역시,26,2007,비경제활동인구,327.0
세종특별자치시,29,2007,비경제활동인구,0.0
경기도,31,2007,비경제활동인구,3253.0
강원도,32,2007,비경제활동인구,489.0
충청북도,33,2007,비경제활동인구,479.0
충청남도,34,2007,비경제활동인구,539.0
전라북도,35,2007,비경제활동인구,573.0
전라남도,36,2007,비경제활동인구,508.0
경상북도,37,2007,비경제활동인구,772.0
경상남도,38,2007,비경제활동인구,933.0
제주도,39,2007,비경제활동인구,128.0
계,00,2007,경제활동참가율,62.2
서울특별시,11,2007,경제활동참가율,63.4
부산광역시,21,2007,경제활동참가율,58.4
대구광역시,22,2007,경제활동참가율,59.4
인천광역시,23,2007,경제활동참가율,62.5
광주광역시,24,2007,경제활동참가율,59.0
대전광역시,25,2007,경제활동참가율,59.2
울산광역시,26,2007,경제활동참가율,61.1
세종특별자치시,29,2007,경제활동참가율,0.0
경기도,31,2007,경제활동참가율,62.6
강원도,32,2007,경제활동참가율,58.7
충청북도,33,2007,경제활동참가율,60.0
충청남도,34,2007,경제활동참가율,66.1
전라북도,35,2007,경제활동참가율,60.1
전라남도,36,2007,경제활동참가율,65.1
경상북도,37,2007,경제활동참가율,64.3
경상남도,38,2007,경제활동참가율,62.6
제주도,39,2007,경제활동참가율,69.7
계,00,2007,실업률,3.2
서울특별시,11,2007,실업률,4.1
부산광역시,21,2007,실업률,4.0
대구광역시,22,2007,실업률,3.6
인천광역시,23,2007,실업률,4.0
광주광역시,24,2007,실업률,4.0
대전광역시,25,2007,실업률,4.1
울산광역시,26,2007,실업률,2.5
세종특별자치시,29,2007,실업률,0.0
경기도,31,2007,실업률,3.3
강원도,32,2007,실업률,1.9
충청북도,33,2007,실업률,2.3
충청남도,34,2007,실업률,2.4
전라북도,35,2007,실업률,2.4
전라남도,36,2007,실업률,1.8
경상북도,37,2007,실업률,2.1
경상남도,38,2007,실업률,2.4
제주도,39,2007,실업률,2.1
계,00,2007,고용률,60.1
서울특별시,11,2007,고용률,60.8
부산광역시,21,2007,고용률,56.1
대구광역시,22,2007,고용률,57.3
인천광역시,23,2007,고용률,60.0
광주광역시,24,2007,고용률,56.7
대전광역시,25,2007,고용률,56.7
울산광역시,26,2007,고용률,59.6
세종특별자치시,29,2007,고용률,0.0
경기도,31,2007,고용률,60.5
강원도,32,2007,고용률,57.6
충청북도,33,2007,고용률,58.6
충청남도,34,2007,고용률,64.6
전라북도,35,2007,고용률,58.7
전라남도,36,2007,고용률,64.0
경상북도,37,2007,고용률,62.9
경상남도,38,2007,고용률,61.1
제주도,39,2007,고용률,68.2
계,00,2007,15-64세 고용률,64.1
서울특별시,11,2007,15-64세 고용률,64.7
부산광역시,21,2007,15-64세 고용률,60.7
대구광역시,22,2007,15-64세 고용률,61.9
인천광역시,23,2007,15-64세 고용률,64.0
광주광역시,24,2007,15-64세 고용률,60.4
대전광역시,25,2007,15-64세 고용률,60.8
울산광역시,26,2007,15-64세 고용률,62.2
세종특별자치시,29,2007,15-64세 고용률,0.0
경기도,31,2007,15-64세 고용률,64.4
강원도,32,2007,15-64세 고용률,62.8
충청북도,33,2007,15-64세 고용률,63.3
충청남도,34,2007,15-64세 고용률,68.3
전라북도,35,2007,15-64세 고용률,63.0
전라남도,36,2007,15-64세 고용률,68.3
경상북도,37,2007,15-64세 고용률,67.2
경상남도,38,2007,15-64세 고용률,64.9
제주도,39,2007,15-64세 고용률,71.8
계,00,2006,15세이상인구,38632.0
서울특별시,11,2006,15세이상인구,8283.0
부산광역시,21,2006,15세이상인구,2928.0
대구광역시,22,2006,15세이상인구,1985.0
인천광역시,23,2006,15세이상인구,2056.0
광주광역시,24,2006,15세이상인구,1119.0
대전광역시,25,2006,15세이상인구,1162.0
울산광역시,26,2006,15세이상인구,829.0
세종특별자치시,29,2006,15세이상인구,0.0
경기도,31,2006,15세이상인구,8432.0
강원도,32,2006,15세이상인구,1178.0
충청북도,33,2006,15세이상인구,1181.0
충청남도,34,2006,15세이상인구,1554.0
전라북도,35,2006,15세이상인구,1433.0
전라남도,36,2006,15세이상인구,1463.0
경상북도,37,2006,15세이상인구,2150.0
경상남도,38,2006,15세이상인구,2461.0
제주도,39,2006,15세이상인구,418.0
계,00,2006,경제활동인구,24024.0
서울특별시,11,2006,경제활동인구,5255.0
부산광역시,21,2006,경제활동인구,1714.0
대구광역시,22,2006,경제활동인구,1193.0
인천광역시,23,2006,경제활동인구,1279.0
광주광역시,24,2006,경제활동인구,650.0
대전광역시,25,2006,경제활동인구,683.0
울산광역시,26,2006,경제활동인구,496.0
세종특별자치시,29,2006,경제활동인구,0.0
경기도,31,2006,경제활동인구,5307.0
강원도,32,2006,경제활동인구,696.0
충청북도,33,2006,경제활동인구,703.0
충청남도,34,2006,경제활동인구,1019.0
전라북도,35,2006,경제활동인구,851.0
전라남도,36,2006,경제활동인구,952.0
경상북도,37,2006,경제활동인구,1398.0
경상남도,38,2006,경제활동인구,1533.0
제주도,39,2006,경제활동인구,295.0
계,00,2006,비경제활동인구,14608.0
서울특별시,11,2006,비경제활동인구,3028.0
부산광역시,21,2006,비경제활동인구,1214.0
대구광역시,22,2006,비경제활동인구,792.0
인천광역시,23,2006,비경제활동인구,777.0
광주광역시,24,2006,비경제활동인구,468.0
대전광역시,25,2006,비경제활동인구,479.0
울산광역시,26,2006,비경제활동인구,333.0
세종특별자치시,29,2006,비경제활동인구,0.0
경기도,31,2006,비경제활동인구,3125.0
강원도,32,2006,비경제활동인구,482.0
충청북도,33,2006,비경제활동인구,477.0
충청남도,34,2006,비경제활동인구,535.0
전라북도,35,2006,비경제활동인구,582.0
전라남도,36,2006,비경제활동인구,512.0
경상북도,37,2006,비경제활동인구,752.0
경상남도,38,2006,비경제활동인구,928.0
제주도,39,2006,비경제활동인구,123.0
계,00,2006,경제활동참가율,62.2
서울특별시,11,2006,경제활동참가율,63.4
부산광역시,21,2006,경제활동참가율,58.5
대구광역시,22,2006,경제활동참가율,60.1
인천광역시,23,2006,경제활동참가율,62.2
광주광역시,24,2006,경제활동참가율,58.1
대전광역시,25,2006,경제활동참가율,58.8
울산광역시,26,2006,경제활동참가율,59.8
세종특별자치시,29,2006,경제활동참가율,0.0
경기도,31,2006,경제활동참가율,62.9
강원도,32,2006,경제활동참가율,59.1
충청북도,33,2006,경제활동참가율,59.6
충청남도,34,2006,경제활동참가율,65.6
전라북도,35,2006,경제활동참가율,59.4
전라남도,36,2006,경제활동참가율,65.0
경상북도,37,2006,경제활동참가율,65.0
경상남도,38,2006,경제활동참가율,62.3
제주도,39,2006,경제활동참가율,70.6
계,00,2006,실업률,3.5
서울특별시,11,2006,실업률,4.6
부산광역시,21,2006,실업률,4.2
대구광역시,22,2006,실업률,3.7
인천광역시,23,2006,실업률,4.4
광주광역시,24,2006,실업률,4.2
대전광역시,25,2006,실업률,4.5
울산광역시,26,2006,실업률,2.8
세종특별자치시,29,2006,실업률,0.0
경기도,31,2006,실업률,3.5
강원도,32,2006,실업률,1.3
충청북도,33,2006,실업률,2.2
충청남도,34,2006,실업률,2.5
전라북도,35,2006,실업률,2.6
전라남도,36,2006,실업률,1.7
경상북도,37,2006,실업률,2.4
경상남도,38,2006,실업률,2.3
제주도,39,2006,실업률,2.1
계,00,2006,고용률,60.0
서울특별시,11,2006,고용률,60.5
부산광역시,21,2006,고용률,56.1
대구광역시,22,2006,고용률,57.9
인천광역시,23,2006,고용률,59.5
광주광역시,24,2006,고용률,55.7
대전광역시,25,2006,고용률,56.2
울산광역시,26,2006,고용률,58.1
세종특별자치시,29,2006,고용률,0.0
경기도,31,2006,고용률,60.7
강원도,32,2006,고용률,58.3
충청북도,33,2006,고용률,58.3
충청남도,34,2006,고용률,63.9
전라북도,35,2006,고용률,57.8
전라남도,36,2006,고용률,63.9
경상북도,37,2006,고용률,63.5
경상남도,38,2006,고용률,60.8
제주도,39,2006,고용률,69.1
계,00,2006,15-64세 고용률,64.0
서울특별시,11,2006,15-64세 고용률,64.4
부산광역시,21,2006,15-64세 고용률,60.5
대구광역시,22,2006,15-64세 고용률,61.8
인천광역시,23,2006,15-64세 고용률,63.4
광주광역시,24,2006,15-64세 고용률,59.4
대전광역시,25,2006,15-64세 고용률,60.1
울산광역시,26,2006,15-64세 고용률,60.5
세종특별자치시,29,2006,15-64세 고용률,0.0
경기도,31,2006,15-64세 고용률,64.5
강원도,32,2006,15-64세 고용률,63.2
충청북도,33,2006,15-64세 고용률,62.6
충청남도,34,2006,15-64세 고용률,67.8
전라북도,35,2006,15-64세 고용률,62.4
전라남도,36,2006,15-64세 고용률,68.7
경상북도,37,2006,15-64세 고용률,67.9
경상남도,38,2006,15-64세 고용률,64.8
제주도,39,2006,15-64세 고용률,72.4
계,00,2005,15세이상인구,38120.0
서울특별시,11,2005,15세이상인구,8192.0
부산광역시,21,2005,15세이상인구,2919.0
대구광역시,22,2005,15세이상인구,1985.0
인천광역시,23,2005,15세이상인구,2020.0
광주광역시,24,2005,15세이상인구,1109.0
대전광역시,25,2005,15세이상인구,1144.0
울산광역시,26,2005,15세이상인구,817.0
세종특별자치시,29,2005,15세이상인구,0.0
경기도,31,2005,15세이상인구,8203.0
강원도,32,2005,15세이상인구,1174.0
충청북도,33,2005,15세이상인구,1170.0
충청남도,34,2005,15세이상인구,1521.0
전라북도,35,2005,15세이상인구,1432.0
전라남도,36,2005,15세이상인구,1463.0
경상북도,37,2005,15세이상인구,2131.0
경상남도,38,2005,15세이상인구,2426.0
제주도,39,2005,15세이상인구,413.0
계,00,2005,경제활동인구,23718.0
서울특별시,11,2005,경제활동인구,5211.0
부산광역시,21,2005,경제활동인구,1705.0
대구광역시,22,2005,경제활동인구,1210.0
인천광역시,23,2005,경제활동인구,1247.0
광주광역시,24,2005,경제활동인구,650.0
대전광역시,25,2005,경제활동인구,667.0
울산광역시,26,2005,경제활동인구,499.0
세종특별자치시,29,2005,경제활동인구,0.0
경기도,31,2005,경제활동인구,5158.0
강원도,32,2005,경제활동인구,689.0
충청북도,33,2005,경제활동인구,698.0
충청남도,34,2005,경제활동인구,980.0
전라북도,35,2005,경제활동인구,844.0
전라남도,36,2005,경제활동인구,961.0
경상북도,37,2005,경제활동인구,1389.0
경상남도,38,2005,경제활동인구,1520.0
제주도,39,2005,경제활동인구,292.0
계,00,2005,비경제활동인구,14401.0
서울특별시,11,2005,비경제활동인구,2982.0
부산광역시,21,2005,비경제활동인구,1214.0
대구광역시,22,2005,비경제활동인구,775.0
인천광역시,23,2005,비경제활동인구,774.0
광주광역시,24,2005,비경제활동인구,459.0
대전광역시,25,2005,비경제활동인구,476.0
울산광역시,26,2005,비경제활동인구,318.0
세종특별자치시,29,2005,비경제활동인구,0.0
경기도,31,2005,비경제활동인구,3045.0
강원도,32,2005,비경제활동인구,486.0
충청북도,33,2005,비경제활동인구,472.0
충청남도,34,2005,비경제활동인구,541.0
전라북도,35,2005,비경제활동인구,588.0
전라남도,36,2005,비경제활동인구,502.0
경상북도,37,2005,비경제활동인구,742.0
경상남도,38,2005,비경제활동인구,906.0
제주도,39,2005,비경제활동인구,121.0
계,00,2005,경제활동참가율,62.2
서울특별시,11,2005,경제활동참가율,63.6
부산광역시,21,2005,경제활동참가율,58.4
대구광역시,22,2005,경제활동참가율,60.9
인천광역시,23,2005,경제활동참가율,61.7
광주광역시,24,2005,경제활동참가율,58.6
대전광역시,25,2005,경제활동참가율,58.4
울산광역시,26,2005,경제활동참가율,61.0
세종특별자치시,29,2005,경제활동참가율,0.0
경기도,31,2005,경제활동참가율,62.9
강원도,32,2005,경제활동참가율,58.6
충청북도,33,2005,경제활동참가율,59.7
충청남도,34,2005,경제활동참가율,64.4
전라북도,35,2005,경제활동참가율,58.9
전라남도,36,2005,경제활동참가율,65.7
경상북도,37,2005,경제활동참가율,65.2
경상남도,38,2005,경제활동참가율,62.6
제주도,39,2005,경제활동참가율,70.6
계,00,2005,실업률,3.7
서울특별시,11,2005,실업률,4.8
부산광역시,21,2005,실업률,4.4
대구광역시,22,2005,실업률,4.3
인천광역시,23,2005,실업률,4.5
광주광역시,24,2005,실업률,4.4
대전광역시,25,2005,실업률,4.5
울산광역시,26,2005,실업률,3.4
세종특별자치시,29,2005,실업률,0.0
경기도,31,2005,실업률,3.8
강원도,32,2005,실업률,1.8
충청북도,33,2005,실업률,2.3
충청남도,34,2005,실업률,2.7
전라북도,35,2005,실업률,2.5
전라남도,36,2005,실업률,2.3
경상북도,37,2005,실업률,2.5
경상남도,38,2005,실업률,2.6
제주도,39,2005,실업률,2.5
계,00,2005,고용률,59.9
서울특별시,11,2005,고용률,60.5
부산광역시,21,2005,고용률,55.9
대구광역시,22,2005,고용률,58.3
인천광역시,23,2005,고용률,58.9
광주광역시,24,2005,고용률,56.0
대전광역시,25,2005,고용률,55.8
울산광역시,26,2005,고용률,59.0
세종특별자치시,29,2005,고용률,0.0
경기도,31,2005,고용률,60.5
강원도,32,2005,고용률,57.6
충청북도,33,2005,고용률,58.3
충청남도,34,2005,고용률,62.7
전라북도,35,2005,고용률,57.5
전라남도,36,2005,고용률,64.2
경상북도,37,2005,고용률,63.6
경상남도,38,2005,고용률,61.0
제주도,39,2005,고용률,68.9
계,00,2005,15-64세 고용률,63.7
서울특별시,11,2005,15-64세 고용률,64.3
부산광역시,21,2005,15-64세 고용률,60.1
대구광역시,22,2005,15-64세 고용률,61.9
인천광역시,23,2005,15-64세 고용률,62.8
광주광역시,24,2005,15-64세 고용률,59.5
대전광역시,25,2005,15-64세 고용률,59.5
울산광역시,26,2005,15-64세 고용률,61.3
세종특별자치시,29,2005,15-64세 고용률,0.0
경기도,31,2005,15-64세 고용률,64.0
강원도,32,2005,15-64세 고용률,62.5
충청북도,33,2005,15-64세 고용률,62.5
충청남도,34,2005,15-64세 고용률,67.1
전라북도,35,2005,15-64세 고용률,62.5
전라남도,36,2005,15-64세 고용률,68.9
경상북도,37,2005,15-64세 고용률,68.0
경상남도,38,2005,15-64세 고용률,65.0
제주도,39,2005,15-64세 고용률,72.0
계,00,2004,15세이상인구,37772.0
서울특별시,11,2004,15세이상인구,8157.0
부산광역시,21,2004,15세이상인구,2926.0
대구광역시,22,2004,15세이상인구,1989.0
인천광역시,23,2004,15세이상인구,1995.0
광주광역시,24,2004,15세이상인구,1101.0
대전광역시,25,2004,15세이상인구,1129.0
울산광역시,26,2004,15세이상인구,806.0
세종특별자치시,29,2004,15세이상인구,0.0
경기도,31,2004,15세이상인구,7966.0
강원도,32,2004,15세이상인구,1174.0
충청북도,33,2004,15세이상인구,1167.0
충청남도,34,2004,15세이상인구,1493.0
전라북도,35,2004,15세이상인구,1445.0
전라남도,36,2004,15세이상인구,1480.0
경상북도,37,2004,15세이상인구,2131.0
경상남도,38,2004,15세이상인구,2404.0
제주도,39,2004,15세이상인구,409.0
계,00,2004,경제활동인구,23544.0
서울특별시,11,2004,경제활동인구,5159.0
부산광역시,21,2004,경제활동인구,1703.0
대구광역시,22,2004,경제활동인구,1220.0
인천광역시,23,2004,경제활동인구,1238.0
광주광역시,24,2004,경제활동인구,637.0
대전광역시,25,2004,경제활동인구,672.0
울산광역시,26,2004,경제활동인구,499.0
세종특별자치시,29,2004,경제활동인구,0.0
경기도,31,2004,경제활동인구,5013.0
강원도,32,2004,경제활동인구,695.0
충청북도,33,2004,경제활동인구,701.0
충청남도,34,2004,경제활동인구,966.0
전라북도,35,2004,경제활동인구,853.0
전라남도,36,2004,경제활동인구,973.0
경상북도,37,2004,경제활동인구,1400.0
경상남도,38,2004,경제활동인구,1529.0
제주도,39,2004,경제활동인구,288.0
계,00,2004,비경제활동인구,14228.0
서울특별시,11,2004,비경제활동인구,2999.0
부산광역시,21,2004,비경제활동인구,1223.0
대구광역시,22,2004,비경제활동인구,769.0
인천광역시,23,2004,비경제활동인구,757.0
광주광역시,24,2004,비경제활동인구,463.0
대전광역시,25,2004,비경제활동인구,458.0
울산광역시,26,2004,비경제활동인구,307.0
세종특별자치시,29,2004,비경제활동인구,0.0
경기도,31,2004,비경제활동인구,2953.0
강원도,32,2004,비경제활동인구,479.0
충청북도,33,2004,비경제활동인구,466.0
충청남도,34,2004,비경제활동인구,527.0
전라북도,35,2004,비경제활동인구,592.0
전라남도,36,2004,비경제활동인구,507.0
경상북도,37,2004,비경제활동인구,732.0
경상남도,38,2004,비경제활동인구,875.0
제주도,39,2004,비경제활동인구,122.0
계,00,2004,경제활동참가율,62.3
서울특별시,11,2004,경제활동참가율,63.2
부산광역시,21,2004,경제활동참가율,58.2
대구광역시,22,2004,경제활동참가율,61.3
인천광역시,23,2004,경제활동참가율,62.0
광주광역시,24,2004,경제활동참가율,57.9
대전광역시,25,2004,경제활동참가율,59.5
울산광역시,26,2004,경제활동참가율,61.9
세종특별자치시,29,2004,경제활동참가율,0.0
경기도,31,2004,경제활동참가율,62.9
강원도,32,2004,경제활동참가율,59.2
충청북도,33,2004,경제활동참가율,60.0
충청남도,34,2004,경제활동참가율,64.7
전라북도,35,2004,경제활동참가율,59.0
전라남도,36,2004,경제활동참가율,65.7
경상북도,37,2004,경제활동참가율,65.7
경상남도,38,2004,경제활동참가율,63.6
제주도,39,2004,경제활동참가율,70.3
계,00,2004,실업률,3.7
서울특별시,11,2004,실업률,4.7
부산광역시,21,2004,실업률,4.4
대구광역시,22,2004,실업률,4.2
인천광역시,23,2004,실업률,4.5
광주광역시,24,2004,실업률,4.3
대전광역시,25,2004,실업률,4.2
울산광역시,26,2004,실업률,3.5
세종특별자치시,29,2004,실업률,0.0
경기도,31,2004,실업률,3.6
강원도,32,2004,실업률,2.1
충청북도,33,2004,실업률,2.7
충청남도,34,2004,실업률,2.4
전라북도,35,2004,실업률,2.8
전라남도,36,2004,실업률,2.4
경상북도,37,2004,실업률,2.6
경상남도,38,2004,실업률,2.4
제주도,39,2004,실업률,2.4
계,00,2004,고용률,60.0
서울특별시,11,2004,고용률,60.3
부산광역시,21,2004,고용률,55.6
대구광역시,22,2004,고용률,58.7
인천광역시,23,2004,고용률,59.2
광주광역시,24,2004,고용률,55.4
대전광역시,25,2004,고용률,57.0
울산광역시,26,2004,고용률,59.8
세종특별자치시,29,2004,고용률,0.0
경기도,31,2004,고용률,60.7
강원도,32,2004,고용률,58.0
충청북도,33,2004,고용률,58.4
충청남도,34,2004,고용률,63.2
전라북도,35,2004,고용률,57.4
전라남도,36,2004,고용률,64.1
경상북도,37,2004,고용률,63.9
경상남도,38,2004,고용률,62.1
제주도,39,2004,고용률,68.6
계,00,2004,15-64세 고용률,63.8
서울특별시,11,2004,15-64세 고용률,63.8
부산광역시,21,2004,15-64세 고용률,59.6
대구광역시,22,2004,15-64세 고용률,62.2
인천광역시,23,2004,15-64세 고용률,62.7
광주광역시,24,2004,15-64세 고용률,58.5
대전광역시,25,2004,15-64세 고용률,60.7
울산광역시,26,2004,15-64세 고용률,61.8
세종특별자치시,29,2004,15-64세 고용률,0.0
경기도,31,2004,15-64세 고용률,64.3
강원도,32,2004,15-64세 고용률,63.1
충청북도,33,2004,15-64세 고용률,62.4
충청남도,34,2004,15-64세 고용률,67.7
전라북도,35,2004,15-64세 고용률,61.8
전라남도,36,2004,15-64세 고용률,68.5
경상북도,37,2004,15-64세 고용률,68.3
경상남도,38,2004,15-64세 고용률,66.0
제주도,39,2004,15-64세 고용률,71.8
계,00,2003,15세이상인구,37410.0
서울특별시,11,2003,15세이상인구,8116.0
부산광역시,21,2003,15세이상인구,2930.0
대구광역시,22,2003,15세이상인구,1980.0
인천광역시,23,2003,15세이상인구,1978.0
광주광역시,24,2003,15세이상인구,1087.0
대전광역시,25,2003,15세이상인구,1116.0
울산광역시,26,2003,15세이상인구,796.0
세종특별자치시,29,2003,15세이상인구,0.0
경기도,31,2003,15세이상인구,7701.0
강원도,32,2003,15세이상인구,1172.0
충청북도,33,2003,15세이상인구,1163.0
충청남도,34,2003,15세이상인구,1472.0
전라북도,35,2003,15세이상인구,1460.0
전라남도,36,2003,15세이상인구,1508.0
경상북도,37,2003,15세이상인구,2145.0
경상남도,38,2003,15세이상인구,2384.0
제주도,39,2003,15세이상인구,406.0
계,00,2003,경제활동인구,23043.0
서울특별시,11,2003,경제활동인구,5043.0
부산광역시,21,2003,경제활동인구,1688.0
대구광역시,22,2003,경제활동인구,1196.0
인천광역시,23,2003,경제활동인구,1225.0
광주광역시,24,2003,경제활동인구,625.0
대전광역시,25,2003,경제활동인구,664.0
울산광역시,26,2003,경제활동인구,487.0
세종특별자치시,29,2003,경제활동인구,0.0
경기도,31,2003,경제활동인구,4767.0
강원도,32,2003,경제활동인구,684.0
충청북도,33,2003,경제활동인구,689.0
충청남도,34,2003,경제활동인구,935.0
전라북도,35,2003,경제활동인구,862.0
전라남도,36,2003,경제활동인구,992.0
경상북도,37,2003,경제활동인구,1394.0
경상남도,38,2003,경제활동인구,1504.0
제주도,39,2003,경제활동인구,287.0
계,00,2003,비경제활동인구,14368.0
서울특별시,11,2003,비경제활동인구,3072.0
부산광역시,21,2003,비경제활동인구,1242.0
대구광역시,22,2003,비경제활동인구,784.0
인천광역시,23,2003,비경제활동인구,754.0
광주광역시,24,2003,비경제활동인구,462.0
대전광역시,25,2003,비경제활동인구,452.0
울산광역시,26,2003,비경제활동인구,309.0
세종특별자치시,29,2003,비경제활동인구,0.0
경기도,31,2003,비경제활동인구,2934.0
강원도,32,2003,비경제활동인구,488.0
충청북도,33,2003,비경제활동인구,474.0
충청남도,34,2003,비경제활동인구,537.0
전라북도,35,2003,비경제활동인구,597.0
전라남도,36,2003,비경제활동인구,516.0
경상북도,37,2003,비경제활동인구,751.0
경상남도,38,2003,비경제활동인구,880.0
제주도,39,2003,비경제활동인구,118.0
계,00,2003,경제활동참가율,61.6
서울특별시,11,2003,경제활동참가율,62.1
부산광역시,21,2003,경제활동참가율,57.6
대구광역시,22,2003,경제활동참가율,60.4
인천광역시,23,2003,경제활동참가율,61.9
광주광역시,24,2003,경제활동참가율,57.5
대전광역시,25,2003,경제활동참가율,59.5
울산광역시,26,2003,경제활동참가율,61.2
세종특별자치시,29,2003,경제활동참가율,0.0
경기도,31,2003,경제활동참가율,61.9
강원도,32,2003,경제활동참가율,58.4
충청북도,33,2003,경제활동참가율,59.3
충청남도,34,2003,경제활동참가율,63.5
전라북도,35,2003,경제활동참가율,59.1
전라남도,36,2003,경제활동참가율,65.8
경상북도,37,2003,경제활동참가율,65.0
경상남도,38,2003,경제활동참가율,63.1
제주도,39,2003,경제활동참가율,70.8
계,00,2003,실업률,3.6
서울특별시,11,2003,실업률,4.6
부산광역시,21,2003,실업률,4.1
대구광역시,22,2003,실업률,4.4
인천광역시,23,2003,실업률,4.4
광주광역시,24,2003,실업률,4.6
대전광역시,25,2003,실업률,3.8
울산광역시,26,2003,실업률,3.2
세종특별자치시,29,2003,실업률,0.0
경기도,31,2003,실업률,3.4
강원도,32,2003,실업률,2.0
충청북도,33,2003,실업률,3.1
충청남도,34,2003,실업률,2.9
전라북도,35,2003,실업률,2.7
전라남도,36,2003,실업률,2.3
경상북도,37,2003,실업률,2.2
경상남도,38,2003,실업률,2.5
제주도,39,2003,실업률,1.9
계,00,2003,고용률,59.4
서울특별시,11,2003,고용률,59.3
부산광역시,21,2003,고용률,55.3
대구광역시,22,2003,고용률,57.7
인천광역시,23,2003,고용률,59.2
광주광역시,24,2003,고용률,54.8
대전광역시,25,2003,고용률,57.2
울산광역시,26,2003,고용률,59.2
세종특별자치시,29,2003,고용률,0.0
경기도,31,2003,고용률,59.8
강원도,32,2003,고용률,57.2
충청북도,33,2003,고용률,57.4
충청남도,34,2003,고용률,61.7
전라북도,35,2003,고용률,57.5
전라남도,36,2003,고용률,64.3
경상북도,37,2003,고용률,63.6
경상남도,38,2003,고용률,61.5
제주도,39,2003,고용률,69.5
계,00,2003,15-64세 고용률,63.0
서울특별시,11,2003,15-64세 고용률,62.6
부산광역시,21,2003,15-64세 고용률,59.2
대구광역시,22,2003,15-64세 고용률,61.0
인천광역시,23,2003,15-64세 고용률,62.7
광주광역시,24,2003,15-64세 고용률,57.9
대전광역시,25,2003,15-64세 고용률,60.9
울산광역시,26,2003,15-64세 고용률,61.3
세종특별자치시,29,2003,15-64세 고용률,0.0
경기도,31,2003,15-64세 고용률,63.5
강원도,32,2003,15-64세 고용률,61.9
충청북도,33,2003,15-64세 고용률,61.5
충청남도,34,2003,15-64세 고용률,66.1
전라북도,35,2003,15-64세 고용률,61.9
전라남도,36,2003,15-64세 고용률,68.1
경상북도,37,2003,15-64세 고용률,68.0
경상남도,38,2003,15-64세 고용률,65.6
제주도,39,2003,15-64세 고용률,72.6
계,00,2002,15세이상인구,37014.0
서울특별시,11,2002,15세이상인구,8079.0
부산광역시,21,2002,15세이상인구,2940.0
대구광역시,22,2002,15세이상인구,1970.0
인천광역시,23,2002,15세이상인구,1957.0
광주광역시,24,2002,15세이상인구,1072.0
대전광역시,25,2002,15세이상인구,1095.0
울산광역시,26,2002,15세이상인구,785.0
세종특별자치시,29,2002,15세이상인구,0.0
경기도,31,2002,15세이상인구,7390.0
강원도,32,2002,15세이상인구,1173.0
충청북도,33,2002,15세이상인구,1161.0
충청남도,34,2002,15세이상인구,1466.0
전라북도,35,2002,15세이상인구,1475.0
전라남도,36,2002,15세이상인구,1536.0
경상북도,37,2002,15세이상인구,2159.0
경상남도,38,2002,15세이상인구,2356.0
제주도,39,2002,15세이상인구,402.0
계,00,2002,경제활동인구,22982.0
서울특별시,11,2002,경제활동인구,5024.0
부산광역시,21,2002,경제활동인구,1780.0
대구광역시,22,2002,경제활동인구,1203.0
인천광역시,23,2002,경제활동인구,1226.0
광주광역시,24,2002,경제활동인구,631.0
대전광역시,25,2002,경제활동인구,666.0
울산광역시,26,2002,경제활동인구,483.0
세종특별자치시,29,2002,경제활동인구,0.0
경기도,31,2002,경제활동인구,4619.0
강원도,32,2002,경제활동인구,700.0
충청북도,33,2002,경제활동인구,701.0
충청남도,34,2002,경제활동인구,936.0
전라북도,35,2002,경제활동인구,865.0
전라남도,36,2002,경제활동인구,1010.0
경상북도,37,2002,경제활동인구,1410.0
경상남도,38,2002,경제활동인구,1448.0
제주도,39,2002,경제활동인구,279.0
계,00,2002,비경제활동인구,14032.0
서울특별시,11,2002,비경제활동인구,3055.0
부산광역시,21,2002,비경제활동인구,1160.0
대구광역시,22,2002,비경제활동인구,766.0
인천광역시,23,2002,비경제활동인구,731.0
광주광역시,24,2002,비경제활동인구,441.0
대전광역시,25,2002,비경제활동인구,429.0
울산광역시,26,2002,비경제활동인구,302.0
세종특별자치시,29,2002,비경제활동인구,0.0
경기도,31,2002,비경제활동인구,2771.0
강원도,32,2002,비경제활동인구,473.0
충청북도,33,2002,비경제활동인구,459.0
충청남도,34,2002,비경제활동인구,530.0
전라북도,35,2002,비경제활동인구,610.0
전라남도,36,2002,비경제활동인구,525.0
경상북도,37,2002,비경제활동인구,749.0
경상남도,38,2002,비경제활동인구,907.0
제주도,39,2002,비경제활동인구,123.0
계,00,2002,경제활동참가율,62.1
서울특별시,11,2002,경제활동참가율,62.2
부산광역시,21,2002,경제활동참가율,60.5
대구광역시,22,2002,경제활동참가율,61.1
인천광역시,23,2002,경제활동참가율,62.6
광주광역시,24,2002,경제활동참가율,58.9
대전광역시,25,2002,경제활동참가율,60.8
울산광역시,26,2002,경제활동참가율,61.5
세종특별자치시,29,2002,경제활동참가율,0.0
경기도,31,2002,경제활동참가율,62.5
강원도,32,2002,경제활동참가율,59.7
충청북도,33,2002,경제활동참가율,60.4
충청남도,34,2002,경제활동참가율,63.8
전라북도,35,2002,경제활동참가율,58.6
전라남도,36,2002,경제활동참가율,65.8
경상북도,37,2002,경제활동참가율,65.3
경상남도,38,2002,경제활동참가율,61.5
제주도,39,2002,경제활동참가율,69.4
계,00,2002,실업률,3.3
서울특별시,11,2002,실업률,4.3
부산광역시,21,2002,실업률,3.9
대구광역시,22,2002,실업률,4.2
인천광역시,23,2002,실업률,4.0
광주광역시,24,2002,실업률,3.8
대전광역시,25,2002,실업률,3.8
울산광역시,26,2002,실업률,2.5
세종특별자치시,29,2002,실업률,0.0
경기도,31,2002,실업률,2.8
강원도,32,2002,실업률,1.8
충청북도,33,2002,실업률,2.5
충청남도,34,2002,실업률,2.7
전라북도,35,2002,실업률,2.5
전라남도,36,2002,실업률,2.3
경상북도,37,2002,실업률,2.2
경상남도,38,2002,실업률,2.5
제주도,39,2002,실업률,2.2
계,00,2002,고용률,60.1
서울특별시,11,2002,고용률,59.5
부산광역시,21,2002,고용률,58.2
대구광역시,22,2002,고용률,58.5
인천광역시,23,2002,고용률,60.1
광주광역시,24,2002,고용률,56.6
대전광역시,25,2002,고용률,58.5
울산광역시,26,2002,고용률,60.0
세종특별자치시,29,2002,고용률,0.0
경기도,31,2002,고용률,60.8
강원도,32,2002,고용률,58.6
충청북도,33,2002,고용률,58.9
충청남도,34,2002,고용률,62.1
전라북도,35,2002,고용률,57.2
전라남도,36,2002,고용률,64.3
경상북도,37,2002,고용률,63.9
경상남도,38,2002,고용률,60.0
제주도,39,2002,고용률,67.8
계,00,2002,15-64세 고용률,63.4
서울특별시,11,2002,15-64세 고용률,62.4
부산광역시,21,2002,15-64세 고용률,61.7
대구광역시,22,2002,15-64세 고용률,62.0
인천광역시,23,2002,15-64세 고용률,63.8
광주광역시,24,2002,15-64세 고용률,59.3
대전광역시,25,2002,15-64세 고용률,61.8
울산광역시,26,2002,15-64세 고용률,62.3
세종특별자치시,29,2002,15-64세 고용률,0.0
경기도,31,2002,15-64세 고용률,64.3
강원도,32,2002,15-64세 고용률,62.7
충청북도,33,2002,15-64세 고용률,62.9
충청남도,34,2002,15-64세 고용률,66.3
전라북도,35,2002,15-64세 고용률,61.2
전라남도,36,2002,15-64세 고용률,67.4
경상북도,37,2002,15-64세 고용률,67.2
경상남도,38,2002,15-64세 고용률,63.6
제주도,39,2002,15-64세 고용률,71.4
계,00,2001,15세이상인구,36608.0
서울특별시,11,2001,15세이상인구,8061.0
부산광역시,21,2001,15세이상인구,2948.0
대구광역시,22,2001,15세이상인구,1963.0
인천광역시,23,2001,15세이상인구,1926.0
광주광역시,24,2001,15세이상인구,1055.0
대전광역시,25,2001,15세이상인구,1076.0
울산광역시,26,2001,15세이상인구,772.0
세종특별자치시,29,2001,15세이상인구,0.0
경기도,31,2001,15세이상인구,7072.0
강원도,32,2001,15세이상인구,1173.0
충청북도,33,2001,15세이상인구,1157.0
충청남도,34,2001,15세이상인구,1463.0
전라북도,35,2001,15세이상인구,1486.0
전라남도,36,2001,15세이상인구,1564.0
경상북도,37,2001,15세이상인구,2166.0
경상남도,38,2001,15세이상인구,2329.0
제주도,39,2001,15세이상인구,398.0
계,00,2001,경제활동인구,22511.0
서울특별시,11,2001,경제활동인구,4973.0
부산광역시,21,2001,경제활동인구,1747.0
대구광역시,22,2001,경제활동인구,1175.0
인천광역시,23,2001,경제활동인구,1195.0
광주광역시,24,2001,경제활동인구,610.0
대전광역시,25,2001,경제활동인구,636.0
울산광역시,26,2001,경제활동인구,464.0
세종특별자치시,29,2001,경제활동인구,0.0
경기도,31,2001,경제활동인구,4401.0
강원도,32,2001,경제활동인구,680.0
충청북도,33,2001,경제활동인구,693.0
충청남도,34,2001,경제활동인구,924.0
전라북도,35,2001,경제활동인구,881.0
전라남도,36,2001,경제활동인구,1014.0
경상북도,37,2001,경제활동인구,1413.0
경상남도,38,2001,경제활동인구,1434.0
제주도,39,2001,경제활동인구,272.0
계,00,2001,비경제활동인구,14097.0
서울특별시,11,2001,비경제활동인구,3087.0
부산광역시,21,2001,비경제활동인구,1201.0
대구광역시,22,2001,비경제활동인구,787.0
인천광역시,23,2001,비경제활동인구,731.0
광주광역시,24,2001,비경제활동인구,445.0
대전광역시,25,2001,비경제활동인구,440.0
울산광역시,26,2001,비경제활동인구,308.0
세종특별자치시,29,2001,비경제활동인구,0.0
경기도,31,2001,비경제활동인구,2671.0
강원도,32,2001,비경제활동인구,492.0
충청북도,33,2001,비경제활동인구,465.0
충청남도,34,2001,비경제활동인구,540.0
전라북도,35,2001,비경제활동인구,605.0
전라남도,36,2001,비경제활동인구,550.0
경상북도,37,2001,비경제활동인구,753.0
경상남도,38,2001,비경제활동인구,895.0
제주도,39,2001,비경제활동인구,126.0
계,00,2001,경제활동참가율,61.5
서울특별시,11,2001,경제활동참가율,61.7
부산광역시,21,2001,경제활동참가율,59.3
대구광역시,22,2001,경제활동참가율,59.9
인천광역시,23,2001,경제활동참가율,62.0
광주광역시,24,2001,경제활동참가율,57.8
대전광역시,25,2001,경제활동참가율,59.1
울산광역시,26,2001,경제활동참가율,60.1
세종특별자치시,29,2001,경제활동참가율,0.0
경기도,31,2001,경제활동참가율,62.2
강원도,32,2001,경제활동참가율,58.0
충청북도,33,2001,경제활동참가율,59.9
충청남도,34,2001,경제활동참가율,63.1
전라북도,35,2001,경제활동참가율,59.3
전라남도,36,2001,경제활동참가율,64.8
경상북도,37,2001,경제활동참가율,65.2
경상남도,38,2001,경제활동참가율,61.6
제주도,39,2001,경제활동참가율,68.2
계,00,2001,실업률,4.0
서울특별시,11,2001,실업률,4.8
부산광역시,21,2001,실업률,5.7
대구광역시,22,2001,실업률,4.8
인천광역시,23,2001,실업률,4.7
광주광역시,24,2001,실업률,5.1
대전광역시,25,2001,실업률,4.5
울산광역시,26,2001,실업률,3.4
세종특별자치시,29,2001,실업률,0.0
경기도,31,2001,실업률,3.5
강원도,32,2001,실업률,2.3
충청북도,33,2001,실업률,3.4
충청남도,34,2001,실업률,2.9
전라북도,35,2001,실업률,3.2
전라남도,36,2001,실업률,3.0
경상북도,37,2001,실업률,2.7
경상남도,38,2001,실업률,3.3
제주도,39,2001,실업률,2.5
계,00,2001,고용률,59.0
서울특별시,11,2001,고용률,58.8
부산광역시,21,2001,고용률,55.9
대구광역시,22,2001,고용률,57.0
인천광역시,23,2001,고용률,59.1
광주광역시,24,2001,고용률,54.9
대전광역시,25,2001,고용률,56.5
울산광역시,26,2001,고용률,58.1
세종특별자치시,29,2001,고용률,0.0
경기도,31,2001,고용률,60.0
강원도,32,2001,고용률,56.7
충청북도,33,2001,고용률,57.8
충청남도,34,2001,고용률,61.3
전라북도,35,2001,고용률,57.4
전라남도,36,2001,고용률,62.9
경상북도,37,2001,고용률,63.5
경상남도,38,2001,고용률,59.5
제주도,39,2001,고용률,66.5
계,00,2001,15-64세 고용률,62.2
서울특별시,11,2001,15-64세 고용률,61.5
부산광역시,21,2001,15-64세 고용률,59.3
대구광역시,22,2001,15-64세 고용률,60.3
인천광역시,23,2001,15-64세 고용률,62.6
광주광역시,24,2001,15-64세 고용률,57.4
대전광역시,25,2001,15-64세 고용률,59.7
울산광역시,26,2001,15-64세 고용률,60.0
세종특별자치시,29,2001,15-64세 고용률,0.0
경기도,31,2001,15-64세 고용률,63.4
강원도,32,2001,15-64세 고용률,60.5
충청북도,33,2001,15-64세 고용률,61.6
충청남도,34,2001,15-64세 고용률,65.2
전라북도,35,2001,15-64세 고용률,61.0
전라남도,36,2001,15-64세 고용률,65.9
경상북도,37,2001,15-64세 고용률,66.6
경상남도,38,2001,15-64세 고용률,63.1
제주도,39,2001,15-64세 고용률,69.8
계,00,2000,15세이상인구,36192.0
서울특별시,11,2000,15세이상인구,8015.0
부산광역시,21,2000,15세이상인구,2949.0
대구광역시,22,2000,15세이상인구,1951.0
인천광역시,23,2000,15세이상인구,1892.0
광주광역시,24,2000,15세이상인구,1037.0
대전광역시,25,2000,15세이상인구,1057.0
울산광역시,26,2000,15세이상인구,759.0
세종특별자치시,29,2000,15세이상인구,0.0
경기도,31,2000,15세이상인구,6803.0
강원도,32,2000,15세이상인구,1170.0
충청북도,33,2000,15세이상인구,1150.0
충청남도,34,2000,15세이상인구,1459.0
전라북도,35,2000,15세이상인구,1492.0
전라남도,36,2000,15세이상인구,1582.0
경상북도,37,2000,15세이상인구,2172.0
경상남도,38,2000,15세이상인구,2311.0
제주도,39,2000,15세이상인구,394.0
계,00,2000,경제활동인구,22151.0
서울특별시,11,2000,경제활동인구,4918.0
부산광역시,21,2000,경제활동인구,1758.0
대구광역시,22,2000,경제활동인구,1148.0
인천광역시,23,2000,경제활동인구,1164.0
광주광역시,24,2000,경제활동인구,592.0
대전광역시,25,2000,경제활동인구,608.0
울산광역시,26,2000,경제활동인구,456.0
세종특별자치시,29,2000,경제활동인구,0.0
경기도,31,2000,경제활동인구,4232.0
강원도,32,2000,경제활동인구,689.0
충청북도,33,2000,경제활동인구,691.0
충청남도,34,2000,경제활동인구,917.0
전라북도,35,2000,경제활동인구,871.0
전라남도,36,2000,경제활동인구,1014.0
경상북도,37,2000,경제활동인구,1415.0
경상남도,38,2000,경제활동인구,1411.0
제주도,39,2000,경제활동인구,268.0
계,00,2000,비경제활동인구,14041.0
서울특별시,11,2000,비경제활동인구,3097.0
부산광역시,21,2000,비경제활동인구,1192.0
대구광역시,22,2000,비경제활동인구,803.0
인천광역시,23,2000,비경제활동인구,729.0
광주광역시,24,2000,비경제활동인구,445.0
대전광역시,25,2000,비경제활동인구,449.0
울산광역시,26,2000,비경제활동인구,302.0
세종특별자치시,29,2000,비경제활동인구,0.0
경기도,31,2000,비경제활동인구,2571.0
강원도,32,2000,비경제활동인구,482.0
충청북도,33,2000,비경제활동인구,459.0
충청남도,34,2000,비경제활동인구,542.0
전라북도,35,2000,비경제활동인구,621.0
전라남도,36,2000,비경제활동인구,568.0
경상북도,37,2000,비경제활동인구,756.0
경상남도,38,2000,비경제활동인구,900.0
제주도,39,2000,비경제활동인구,126.0
계,00,2000,경제활동참가율,61.2
서울특별시,11,2000,경제활동참가율,61.4
부산광역시,21,2000,경제활동참가율,59.6
대구광역시,22,2000,경제활동참가율,58.9
인천광역시,23,2000,경제활동참가율,61.5
광주광역시,24,2000,경제활동참가율,57.1
대전광역시,25,2000,경제활동참가율,57.6
울산광역시,26,2000,경제활동참가율,60.1
세종특별자치시,29,2000,경제활동참가율,0.0
경기도,31,2000,경제활동참가율,62.2
강원도,32,2000,경제활동참가율,58.8
충청북도,33,2000,경제활동참가율,60.1
충청남도,34,2000,경제활동참가율,62.8
전라북도,35,2000,경제활동참가율,58.4
전라남도,36,2000,경제활동참가율,64.1
경상북도,37,2000,경제활동참가율,65.2
경상남도,38,2000,경제활동참가율,61.0
제주도,39,2000,경제활동참가율,68.0
계,00,2000,실업률,4.4
서울특별시,11,2000,실업률,5.1
부산광역시,21,2000,실업률,7.1
대구광역시,22,2000,실업률,4.9
인천광역시,23,2000,실업률,5.4
광주광역시,24,2000,실업률,6.5
대전광역시,25,2000,실업률,4.8
울산광역시,26,2000,실업률,4.3
세종특별자치시,29,2000,실업률,0.0
경기도,31,2000,실업률,3.9
강원도,32,2000,실업률,2.6
충청북도,33,2000,실업률,3.6
충청남도,34,2000,실업률,2.8
전라북도,35,2000,실업률,3.1
전라남도,36,2000,실업률,3.3
경상북도,37,2000,실업률,3.4
경상남도,38,2000,실업률,3.5
제주도,39,2000,실업률,2.7
계,00,2000,고용률,58.5
서울특별시,11,2000,고용률,58.2
부산광역시,21,2000,고용률,55.4
대구광역시,22,2000,고용률,56.0
인천광역시,23,2000,고용률,58.2
광주광역시,24,2000,고용률,53.4
대전광역시,25,2000,고용률,54.8
울산광역시,26,2000,고용률,57.6
세종특별자치시,29,2000,고용률,0.0
경기도,31,2000,고용률,59.8
강원도,32,2000,고용률,57.3
충청북도,33,2000,고용률,57.9
충청남도,34,2000,고용률,61.1
전라북도,35,2000,고용률,56.5
전라남도,36,2000,고용률,62.0
경상북도,37,2000,고용률,63.0
경상남도,38,2000,고용률,58.9
제주도,39,2000,고용률,66.1
계,00,2000,15-64세 고용률,61.5
서울특별시,11,2000,15-64세 고용률,60.9
부산광역시,21,2000,15-64세 고용률,58.4
대구광역시,22,2000,15-64세 고용률,59.2
인천광역시,23,2000,15-64세 고용률,61.5
광주광역시,24,2000,15-64세 고용률,55.9
대전광역시,25,2000,15-64세 고용률,57.8
울산광역시,26,2000,15-64세 고용률,59.3
세종특별자치시,29,2000,15-64세 고용률,0.0
경기도,31,2000,15-64세 고용률,63.1
강원도,32,2000,15-64세 고용률,60.9
충청북도,33,2000,15-64세 고용률,61.6
충청남도,34,2000,15-64세 고용률,64.5
전라북도,35,2000,15-64세 고용률,59.8
전라남도,36,2000,15-64세 고용률,65.2
경상북도,37,2000,15-64세 고용률,66.0
경상남도,38,2000,15-64세 고용률,62.1
제주도,39,2000,15-64세 고용률,69.0
